893.6,893.6,893.6,4.80,157.50
712,712,712,4.80,157.50
987.01,987.01,987.01,4.80,157.50
921.38,921.38,921.38,4.80,157.50
654.66,654.66,654.66,4.80,157.50
392.15,392.15,392.15,4.80,157.50
591.73,591.73,591.73,4.80,157.50
772.88,772.88,772.88,4.80,157.50
1335.35,1335.35,1335.35,4.80,157.50
1940.98,1940.98,1940.98,4.80,157.50
809.01,809.01,809.01,8.00,225.00
269.79,269.79,269.79,8.00,225.00
1076.67,1076.67,1076.67,8.00,225.00
372.3,372.3,372.3,8.00,225.00
1324.02,1324.02,1324.02,8.00,225.00
1375.03,1375.03,1375.03,8.00,225.00
918.51,918.51,918.51,8.00,225.00
551.53,551.53,551.53,8.00,225.00
570.42,570.42,570.42,8.00,225.00
481.41,481.41,481.41,8.00,225.00
920.43,920.43,920.43,6.40,225.00
801.68,801.68,801.68,6.40,225.00
636.73,636.73,636.73,6.40,225.00
413.25,413.25,413.25,6.40,225.00
663.44,663.44,663.44,6.40,225.00
353.95,353.95,353.95,6.40,225.00
322.05,322.05,322.05,6.40,225.00
686.61,686.61,686.61,6.40,225.00
856.81,856.81,856.81,6.40,225.00
2048.72,2048.72,2048.72,6.40,225.00
340.43,340.43,340.43,4.80,225.00
587.58,587.58,587.58,4.80,225.00
343.91,343.91,343.91,4.80,225.00
738.09,738.09,738.09,4.80,225.00
554.45,554.45,554.45,4.80,225.00
653.72,653.72,653.72,4.80,225.00
488.16,488.16,488.16,4.80,225.00
762.6,762.6,762.6,4.80,225.00
589.23,589.23,589.23,4.80,225.00
282.57,282.57,282.57,4.80,225.00
504.39,504.39,504.39,8.00,247.50
999.12,999.12,999.12,8.00,247.50
362.33,362.33,362.33,8.00,247.50
783.93,783.93,783.93,8.00,247.50
493.03,493.03,493.03,8.00,247.50
770.65,770.65,770.65,8.00,247.50
860.47,860.47,860.47,8.00,247.50
587.36,587.36,587.36,8.00,247.50
656.69,656.69,656.69,8.00,247.50
462.09,462.09,462.09,8.00,247.50
1022.04,1022.04,1022.04,8.00,225.00
575.37,575.37,575.37,8.00,225.00
375.65,375.65,375.65,8.00,225.00
586.05,586.05,586.05,8.00,225.00
609.32,609.32,609.32,8.00,225.00
656.51,656.51,656.51,8.00,225.00
570.01,570.01,570.01,8.00,225.00
796.09,796.09,796.09,8.00,225.00
854.05,854.05,854.05,8.00,225.00
699.92,699.92,699.92,8.00,225.00
359.97,359.97,359.97,3.20,270.00
478.19,478.19,478.19,3.20,270.00
576.13,576.13,576.13,3.20,270.00
439.64,439.64,439.64,3.20,270.00
637.21,637.21,637.21,3.20,270.00
556.29,556.29,556.29,3.20,270.00
534.07,534.07,534.07,3.20,270.00
812.29,812.29,812.29,3.20,270.00
412.17,412.17,412.17,3.20,270.00
414.94,414.94,414.94,3.20,270.00
727.74,727.74,727.74,3.20,315.00
708.2,708.2,708.2,3.20,315.00
507.09,507.09,507.09,3.20,315.00
729.65,729.65,729.65,3.20,315.00
575.16,575.16,575.16,3.20,315.00
1164.2,1164.2,1164.2,3.20,315.00
501.99,501.99,501.99,3.20,315.00
547.32,547.32,547.32,3.20,315.00
521.75,521.75,521.75,3.20,315.00
893.96,893.96,893.96,3.20,315.00
343.01,343.01,343.01,4.80,202.50
306.71,306.71,306.71,4.80,202.50
672.18,672.18,672.18,4.80,202.50
444.33,444.33,444.33,4.80,202.50
828.47,828.47,828.47,4.80,202.50
306.34,306.34,306.34,4.80,202.50
343.35,343.35,343.35,4.80,202.50
789.98,789.98,789.98,4.80,202.50
494.52,494.52,494.52,4.80,202.50
915.19,915.19,915.19,4.80,202.50
393.26,393.26,393.26,4.80,292.50
958.27,958.27,958.27,4.80,292.50
734.21,734.21,734.21,4.80,292.50
437.17,437.17,437.17,4.80,292.50
570.58,570.58,570.58,4.80,292.50
460.28,460.28,460.28,4.80,292.50
659.98,659.98,659.98,4.80,292.50
421.23,421.23,421.23,4.80,292.50
776.31,776.31,776.31,4.80,292.50
332.22,332.22,332.22,4.80,292.50
582.3,582.3,582.3,8.00,180.00
765.65,765.65,765.65,8.00,180.00
655.17,655.17,655.17,8.00,180.00
583.13,583.13,583.13,8.00,180.00
494.63,494.63,494.63,8.00,180.00
430.51,430.51,430.51,8.00,180.00
400.72,400.72,400.72,8.00,180.00
317.69,317.69,317.69,8.00,180.00
410.78,410.78,410.78,8.00,180.00
705.36,705.36,705.36,8.00,180.00
345.89,345.89,345.89,11.30,270.00
603.13,603.13,603.13,11.30,270.00
587.44,587.44,587.44,11.30,270.00
711.2,711.2,711.2,11.30,270.00
345.69,345.69,345.69,11.30,270.00
790.22,790.22,790.22,11.30,270.00
404.93,404.93,404.93,11.30,270.00
452.51,452.51,452.51,11.30,270.00
838.56,838.56,838.56,11.30,270.00
654.61,654.61,654.61,11.30,270.00
476.94,476.94,476.94,9.70,202.50
356.94,356.94,356.94,9.70,202.50
681.49,681.49,681.49,9.70,202.50
570.7,570.7,570.7,9.70,202.50
425.26,425.26,425.26,9.70,202.50
609.41,609.41,609.41,9.70,202.50
429.33,429.33,429.33,9.70,202.50
440.81,440.81,440.81,9.70,202.50
288.29,288.29,288.29,9.70,202.50
404.64,404.64,404.64,9.70,202.50
787.74,787.74,787.74,6.40,180.00
248.93,248.93,248.93,6.40,180.00
428.68,428.68,428.68,6.40,180.00
541.97,541.97,541.97,6.40,180.00
626.25,626.25,626.25,6.40,180.00
807.12,807.12,807.12,6.40,180.00
651.63,651.63,651.63,6.40,180.00
451.84,451.84,451.84,6.40,180.00
375.63,375.63,375.63,6.40,180.00
416.46,416.46,416.46,6.40,180.00
412.03,412.03,412.03,4.80,225.00
419.94,419.94,419.94,4.80,225.00
723.18,723.18,723.18,4.80,225.00
594.48,594.48,594.48,4.80,225.00
472.07,472.07,472.07,4.80,225.00
199.8,199.8,199.8,4.80,225.00
508.02,508.02,508.02,4.80,225.00
539.16,539.16,539.16,4.80,225.00
477.8,477.8,477.8,4.80,225.00
211.81,211.81,211.81,4.80,225.00
362.38,362.38,362.38,11.30,270.00
316.15,316.15,316.15,11.30,270.00
683.39,683.39,683.39,11.30,270.00
317.4,317.4,317.4,11.30,270.00
516.08,516.08,516.08,11.30,270.00
252.82,252.82,252.82,11.30,270.00
437.94,437.94,437.94,11.30,270.00
268.03,268.03,268.03,11.30,270.00
502.17,502.17,502.17,11.30,270.00
197.77,197.77,197.77,11.30,270.00
271.46,271.46,271.46,11.30,270.00
366.75,366.75,366.75,11.30,270.00
439.82,439.82,439.82,11.30,270.00
187.23,187.23,187.23,11.30,270.00
515.24,515.24,515.24,11.30,270.00
326.5,326.5,326.5,11.30,270.00
254.16,254.16,254.16,11.30,270.00
326.77,326.77,326.77,11.30,270.00
273.15,273.15,273.15,11.30,270.00
893.72,893.72,893.72,11.30,270.00
420.71,420.71,420.71,9.70,270.00
401.66,401.66,401.66,9.70,270.00
401,401,401,9.70,270.00
500.66,500.66,500.66,9.70,270.00
299.52,299.52,299.52,9.70,270.00
303.79,303.79,303.79,9.70,270.00
264.53,264.53,264.53,9.70,270.00
471.55,471.55,471.55,9.70,270.00
216.6,216.6,216.6,9.70,270.00
237.78,237.78,237.78,9.70,270.00
282.32,282.32,282.32,9.70,292.50
419.04,419.04,419.04,9.70,292.50
361.17,361.17,361.17,9.70,292.50
99.44,99.44,99.44,9.70,292.50
380.77,380.77,380.77,9.70,292.50
384.07,384.07,384.07,9.70,292.50
406.3,406.3,406.3,9.70,292.50
415.89,415.89,415.89,9.70,292.50
439.63,439.63,439.63,9.70,292.50
164.51,164.51,164.51,9.70,292.50
234.41,234.41,234.41,11.30,292.50
304.37,304.37,304.37,11.30,292.50
605.54,605.54,605.54,11.30,292.50
276.23,276.23,276.23,11.30,292.50
357.38,357.38,357.38,11.30,292.50
151.26,151.26,151.26,11.30,292.50
518.15,518.15,518.15,11.30,292.50
237.92,237.92,237.92,11.30,292.50
707.98,707.98,707.98,11.30,292.50
157.57,157.57,157.57,11.30,292.50
336.52,336.52,336.52,8.00,270.00
309.64,309.64,309.64,8.00,270.00
331.24,331.24,331.24,8.00,270.00
476.18,476.18,476.18,8.00,270.00
301.26,301.26,301.26,8.00,270.00
382.18,382.18,382.18,8.00,270.00
414.69,414.69,414.69,8.00,270.00
261.91,261.91,261.91,8.00,270.00
409.33,409.33,409.33,8.00,270.00
183.64,183.64,183.64,8.00,270.00
235.72,235.72,235.72,6.40,292.50
235.03,235.03,235.03,6.40,292.50
334.37,334.37,334.37,6.40,292.50
353.25,353.25,353.25,6.40,292.50
265.2,265.2,265.2,6.40,292.50
450.34,450.34,450.34,6.40,292.50
240.47,240.47,240.47,6.40,292.50
188.04,188.04,188.04,6.40,292.50
240.68,240.68,240.68,6.40,292.50
151.39,151.39,151.39,6.40,292.50
232.88,232.88,232.88,12.90,292.50
529.15,529.15,529.15,12.90,292.50
285.14,285.14,285.14,12.90,292.50
240.01,240.01,240.01,12.90,292.50
304.24,304.24,304.24,12.90,292.50
448.59,448.59,448.59,12.90,292.50
176.25,176.25,176.25,12.90,292.50
172.95,172.95,172.95,12.90,292.50
550.98,550.98,550.98,12.90,292.50
298.49,298.49,298.49,12.90,292.50
203.21,203.21,203.21,9.70,315.00
281.98,281.98,281.98,9.70,315.00
597.23,597.23,597.23,9.70,315.00
541.37,541.37,541.37,9.70,315.00
519.72,519.72,519.72,9.70,315.00
184.93,184.93,184.93,9.70,315.00
455.58,455.58,455.58,9.70,315.00
438.01,438.01,438.01,9.70,315.00
236.48,236.48,236.48,9.70,315.00
222.28,222.28,222.28,9.70,315.00
478.41,478.41,478.41,9.70,247.50
782.77,782.77,782.77,9.70,247.50
143.34,143.34,143.34,9.70,247.50
423.85,423.85,423.85,9.70,247.50
196.4,196.4,196.4,9.70,247.50
229.43,229.43,229.43,9.70,247.50
743.27,743.27,743.27,9.70,247.50
233.72,233.72,233.72,9.70,247.50
202.16,202.16,202.16,9.70,247.50
466.84,466.84,466.84,9.70,247.50
1013.1,1013.1,1013.1,11.30,315.00
624.71,624.71,624.71,11.30,315.00
815.34,815.34,815.34,11.30,315.00
843.85,843.85,843.85,11.30,315.00
764.41,764.41,764.41,11.30,315.00
539.13,539.13,539.13,11.30,315.00
276.53,276.53,276.53,11.30,315.00
109.64,109.64,109.64,11.30,315.00
683.66,683.66,683.66,11.30,315.00
620.99,620.99,620.99,11.30,315.00
492.84,492.84,492.84,4.80,315.00
367.76,367.76,367.76,4.80,315.00
891.14,891.14,891.14,4.80,315.00
370.56,370.56,370.56,4.80,315.00
656.07,656.07,656.07,4.80,315.00
401.61,401.61,401.61,4.80,315.00
554.77,554.77,554.77,4.80,315.00
407.44,407.44,407.44,4.80,315.00
247.47,247.47,247.47,4.80,315.00
294.38,294.38,294.38,4.80,315.00
459.68,459.68,459.68,9.70,292.50
313.19,313.19,313.19,9.70,292.50
120.43,120.43,120.43,9.70,292.50
121.03,121.03,121.03,9.70,292.50
366.77,366.77,366.77,9.70,292.50
674.57,674.57,674.57,9.70,292.50
181.05,181.05,181.05,9.70,292.50
41.73,41.73,41.73,9.70,292.50
375.43,375.43,375.43,9.70,292.50
475.66,475.66,475.66,9.70,292.50
268.35,268.35,268.35,3.20,270.00
174.07,174.07,174.07,3.20,270.00
142.26,142.26,142.26,3.20,270.00
459.42,459.42,459.42,3.20,270.00
290.3,290.3,290.3,3.20,270.00
261.68,261.68,261.68,3.20,270.00
456.57,456.57,456.57,3.20,270.00
245.16,245.16,245.16,3.20,270.00
354.96,354.96,354.96,3.20,270.00
109.93,109.93,109.93,3.20,270.00
431.13,431.13,431.13,6.40,270.00
223.66,223.66,223.66,6.40,270.00
348.49,348.49,348.49,6.40,270.00
174.3,174.3,174.3,6.40,270.00
482.14,482.14,482.14,6.40,270.00
457.63,457.63,457.63,6.40,270.00
556.94,556.94,556.94,6.40,270.00
316.73,316.73,316.73,6.40,270.00
242.43,242.43,242.43,6.40,270.00
168.52,168.52,168.52,6.40,270.00
494.04,494.04,494.04,6.40,270.00
189.33,189.33,189.33,6.40,270.00
265.18,265.18,265.18,6.40,270.00
37.54,37.54,37.54,6.40,270.00
564.99,564.99,564.99,6.40,270.00
438.65,438.65,438.65,6.40,270.00
349.09,349.09,349.09,6.40,270.00
294.07,294.07,294.07,6.40,270.00
113.51,113.51,113.51,6.40,270.00
582.46,582.46,582.46,6.40,270.00
146.71,146.71,146.71,4.80,247.50
85.22,85.22,85.22,4.80,247.50
216.7,216.7,216.7,4.80,247.50
400.24,400.24,400.24,4.80,247.50
166.22,166.22,166.22,4.80,247.50
182.49,182.49,182.49,4.80,247.50
216.48,216.48,216.48,4.80,247.50
263.8,263.8,263.8,4.80,247.50
142.35,142.35,142.35,4.80,247.50
217.24,217.24,217.24,4.80,247.50
167.46,167.46,167.46,12.90,292.50
403.8,403.8,403.8,12.90,292.50
200.83,200.83,200.83,12.90,292.50
160.75,160.75,160.75,12.90,292.50
243.08,243.08,243.08,12.90,292.50
215.95,215.95,215.95,12.90,292.50
297.75,297.75,297.75,12.90,292.50
23.04,23.04,23.04,12.90,292.50
191.75,191.75,191.75,12.90,292.50
98.3,98.3,98.3,12.90,292.50
467.62,467.62,467.62,12.90,202.50
533.08,533.08,533.08,12.90,202.50
221.59,221.59,221.59,12.90,202.50
43.17,43.17,43.17,12.90,202.50
345.87,345.87,345.87,12.90,202.50
364.33,364.33,364.33,12.90,202.50
648.39,648.39,648.39,12.90,202.50
396.19,396.19,396.19,12.90,202.50
517.66,517.66,517.66,12.90,202.50
417.06,417.06,417.06,12.90,202.50
229.14,229.14,229.14,14.50,202.50
185.45,185.45,185.45,14.50,202.50
270.81,270.81,270.81,14.50,202.50
677.65,677.65,677.65,14.50,202.50
289.24,289.24,289.24,14.50,202.50
146.7,146.7,146.7,14.50,202.50
127.92,127.92,127.92,14.50,202.50
412.77,412.77,412.77,14.50,202.50
247.63,247.63,247.63,14.50,202.50
337.44,337.44,337.44,14.50,202.50
165.35,165.35,165.35,9.70,225.00
412.11,412.11,412.11,9.70,225.00
142.71,142.71,142.71,9.70,225.00
210.93,210.93,210.93,9.70,225.00
227.59,227.59,227.59,9.70,225.00
355.57,355.57,355.57,9.70,225.00
252.54,252.54,252.54,9.70,225.00
303.81,303.81,303.81,9.70,225.00
180.06,180.06,180.06,9.70,225.00
313.39,313.39,313.39,9.70,225.00
498.2,498.2,498.2,6.40,225.00
288.96,288.96,288.96,6.40,225.00
319.71,319.71,319.71,6.40,225.00
280.74,280.74,280.74,6.40,225.00
448.8,448.8,448.8,6.40,225.00
239.98,239.98,239.98,6.40,225.00
122.41,122.41,122.41,6.40,225.00
364.45,364.45,364.45,6.40,225.00
294.75,294.75,294.75,6.40,225.00
330.4,330.4,330.4,6.40,225.00
215.11,215.11,215.11,12.90,270.00
276.22,276.22,276.22,12.90,270.00
402.29,402.29,402.29,12.90,270.00
101.91,101.91,101.91,12.90,270.00
379.61,379.61,379.61,12.90,270.00
37.52,37.52,37.52,12.90,270.00
162.74,162.74,162.74,12.90,270.00
339.87,339.87,339.87,12.90,270.00
299.41,299.41,299.41,12.90,270.00
152.28,152.28,152.28,12.90,270.00
296.51,296.51,296.51,4.80,270.00
236.54,236.54,236.54,4.80,270.00
355.45,355.45,355.45,4.80,270.00
273.19,273.19,273.19,4.80,270.00
345.32,345.32,345.32,4.80,270.00
356.88,356.88,356.88,4.80,270.00
199.44,199.44,199.44,4.80,270.00
347.18,347.18,347.18,4.80,270.00
61.32,61.32,61.32,4.80,270.00
303.27,303.27,303.27,4.80,270.00
281.48,281.48,281.48,9.70,225.00
222.27,222.27,222.27,9.70,225.00
328.55,328.55,328.55,9.70,225.00
185.21,185.21,185.21,9.70,225.00
600.47,600.47,600.47,9.70,225.00
171.79,171.79,171.79,9.70,225.00
239.03,239.03,239.03,9.70,225.00
169.42,169.42,169.42,9.70,225.00
478.56,478.56,478.56,9.70,225.00
322.26,322.26,322.26,9.70,225.00
141.94,141.94,141.94,8.00,292.50
378.44,378.44,378.44,8.00,292.50
403.9,403.9,403.9,8.00,292.50
168.92,168.92,168.92,8.00,292.50
180.89,180.89,180.89,8.00,292.50
229.44,229.44,229.44,8.00,292.50
533.53,533.53,533.53,8.00,292.50
318.23,318.23,318.23,8.00,292.50
249.84,249.84,249.84,8.00,292.50
374.14,374.14,374.14,8.00,292.50
260.9,260.9,260.9,9.70,247.50
594.82,594.82,594.82,9.70,247.50
254.92,254.92,254.92,9.70,247.50
405.19,405.19,405.19,9.70,247.50
173.4,173.4,173.4,9.70,247.50
328,328,328,9.70,247.50
197.56,197.56,197.56,9.70,247.50
158.65,158.65,158.65,9.70,247.50
294.05,294.05,294.05,9.70,247.50
569.76,569.76,569.76,9.70,247.50
344.48,344.48,344.48,3.20,0.10
411.25,411.25,411.25,3.20,0.10
142.44,142.44,142.44,3.20,0.10
317.08,317.08,317.08,3.20,0.10
318.61,318.61,318.61,3.20,0.10
98.43,98.43,98.43,3.20,0.10
313.83,313.83,313.83,3.20,0.10
212.33,212.33,212.33,3.20,0.10
580.95,580.95,580.95,3.20,0.10
287.66,287.66,287.66,3.20,0.10
268.59,268.59,268.59,8.00,270.00
337.4,337.4,337.4,8.00,270.00
444.7,444.7,444.7,8.00,270.00
321.43,321.43,321.43,8.00,270.00
573.25,573.25,573.25,8.00,270.00
311.96,311.96,311.96,8.00,270.00
607.48,607.48,607.48,8.00,270.00
191.88,191.88,191.88,8.00,270.00
393.55,393.55,393.55,8.00,270.00
259.87,259.87,259.87,8.00,270.00
643.31,643.31,643.31,9.70,202.50
544.2,544.2,544.2,9.70,202.50
356.99,356.99,356.99,9.70,202.50
258.65,258.65,258.65,9.70,202.50
194.55,194.55,194.55,9.70,202.50
332.06,332.06,332.06,9.70,202.50
152.24,152.24,152.24,9.70,202.50
223.69,223.69,223.69,9.70,202.50
154.59,154.59,154.59,9.70,202.50
352.67,352.67,352.67,9.70,202.50
180.08,180.08,180.08,4.80,135.00
319.95,319.95,319.95,4.80,135.00
292.79,292.79,292.79,4.80,135.00
431.34,431.34,431.34,4.80,135.00
176.54,176.54,176.54,4.80,135.00
134.24,134.24,134.24,4.80,135.00
172.87,172.87,172.87,4.80,135.00
320.76,320.76,320.76,4.80,135.00
330.76,330.76,330.76,4.80,135.00
167.85,167.85,167.85,4.80,135.00
97.59,97.59,97.59,4.80,225.00
121.44,121.44,121.44,4.80,225.00
104.33,104.33,104.33,4.80,225.00
284.34,284.34,284.34,4.80,225.00
138.63,138.63,138.63,4.80,225.00
218.69,218.69,218.69,4.80,225.00
153.83,153.83,153.83,4.80,225.00
206.12,206.12,206.12,4.80,225.00
199.27,199.27,199.27,4.80,225.00
171.85,171.85,171.85,4.80,225.00
521.42,521.42,521.42,6.40,247.50
301.55,301.55,301.55,6.40,247.50
250.63,250.63,250.63,6.40,247.50
218.95,218.95,218.95,6.40,247.50
144.94,144.94,144.94,6.40,247.50
215.01,215.01,215.01,6.40,247.50
180.08,180.08,180.08,6.40,247.50
175.28,175.28,175.28,6.40,247.50
485.36,485.36,485.36,6.40,247.50
153.83,153.83,153.83,6.40,247.50
151.01,151.01,151.01,8.00,225.00
162.81,162.81,162.81,8.00,225.00
136.65,136.65,136.65,8.00,225.00
131.88,131.88,131.88,8.00,225.00
172.88,172.88,172.88,8.00,225.00
326.57,326.57,326.57,8.00,225.00
161.58,161.58,161.58,8.00,225.00
238.13,238.13,238.13,8.00,225.00
96.17,96.17,96.17,8.00,225.00
129.56,129.56,129.56,8.00,225.00
316.48,316.48,316.48,6.40,270.00
224.48,224.48,224.48,6.40,270.00
183.78,183.78,183.78,6.40,270.00
118.87,118.87,118.87,6.40,270.00
96.11,96.11,96.11,6.40,270.00
244.34,244.34,244.34,6.40,270.00
222.42,222.42,222.42,6.40,270.00
386.58,386.58,386.58,6.40,270.00
147.66,147.66,147.66,6.40,270.00
140.48,140.48,140.48,6.40,270.00
434.37,434.37,434.37,6.40,180.00
218.27,218.27,218.27,6.40,180.00
242.62,242.62,242.62,6.40,180.00
139.22,139.22,139.22,6.40,180.00
179.15,179.15,179.15,6.40,180.00
165.7,165.7,165.7,6.40,180.00
141.91,141.91,141.91,6.40,180.00
287.94,287.94,287.94,6.40,180.00
216.87,216.87,216.87,6.40,180.00
363.97,363.97,363.97,6.40,180.00
267.23,267.23,267.23,8.00,225.00
160.73,160.73,160.73,8.00,225.00
326.42,326.42,326.42,8.00,225.00
356.36,356.36,356.36,8.00,225.00
52.94,52.94,52.94,8.00,225.00
198.25,198.25,198.25,8.00,225.00
258.01,258.01,258.01,8.00,225.00
580.12,580.12,580.12,8.00,225.00
239.94,239.94,239.94,8.00,225.00
259.97,259.97,259.97,8.00,225.00
313.35,313.35,313.35,4.80,180.00
445.6,445.6,445.6,4.80,180.00
200.87,200.87,200.87,4.80,180.00
188.04,188.04,188.04,4.80,180.00
204.15,204.15,204.15,4.80,180.00
360.02,360.02,360.02,4.80,180.00
204.63,204.63,204.63,4.80,180.00
88.56,88.56,88.56,4.80,180.00
141.3,141.3,141.3,4.80,180.00
339.68,339.68,339.68,4.80,180.00
176.29,176.29,176.29,12.90,270.00
306.36,306.36,306.36,12.90,270.00
174.89,174.89,174.89,12.90,270.00
150.61,150.61,150.61,12.90,270.00
155.64,155.64,155.64,12.90,270.00
152.45,152.45,152.45,12.90,270.00
165.92,165.92,165.92,12.90,270.00
0.62,0.62,0.62,12.90,270.00
100.6,100.6,100.6,12.90,270.00
186.31,186.31,186.31,12.90,270.00
303.44,303.44,303.44,9.70,247.50
87.65,87.65,87.65,9.70,247.50
393.84,393.84,393.84,9.70,247.50
403.2,403.2,403.2,9.70,247.50
344.96,344.96,344.96,9.70,247.50
128.25,128.25,128.25,9.70,247.50
427.94,427.94,427.94,9.70,247.50
183.59,183.59,183.59,9.70,247.50
309.26,309.26,309.26,9.70,247.50
105.78,105.78,105.78,9.70,247.50
148.04,148.04,148.04,8.00,225.00
167.04,167.04,167.04,8.00,225.00
156.77,156.77,156.77,8.00,225.00
256.23,256.23,256.23,8.00,225.00
195.5,195.5,195.5,8.00,225.00
204.18,204.18,204.18,8.00,225.00
212.47,212.47,212.47,8.00,225.00
294.59,294.59,294.59,8.00,225.00
210.82,210.82,210.82,8.00,225.00
103.75,103.75,103.75,8.00,225.00
26.06,26.06,26.06,9.70,225.00
3.04,3.04,3.04,9.70,225.00
140.37,140.37,140.37,9.70,225.00
237.54,237.54,237.54,9.70,225.00
223.58,223.58,223.58,9.70,225.00
90.63,90.63,90.63,9.70,225.00
88.93,88.93,88.93,9.70,225.00
289.05,289.05,289.05,9.70,225.00
254.22,254.22,254.22,9.70,225.00
16.97,16.97,16.97,9.70,225.00
148.91,148.91,148.91,14.50,247.50
173.33,173.33,173.33,14.50,247.50
257.99,257.99,257.99,14.50,247.50
119.09,119.09,119.09,14.50,247.50
165.13,165.13,165.13,14.50,247.50
238.79,238.79,238.79,14.50,247.50
133.3,133.3,133.3,14.50,247.50
77.89,77.89,77.89,14.50,247.50
194.69,194.69,194.69,14.50,247.50
161.09,161.09,161.09,14.50,247.50
313.56,313.56,313.56,14.50,225.00
101.72,101.72,101.72,14.50,225.00
170.51,170.51,170.51,14.50,225.00
46.71,46.71,46.71,14.50,225.00
222.37,222.37,222.37,14.50,225.00
395.76,395.76,395.76,14.50,225.00
308.35,308.35,308.35,14.50,225.00
435.74,435.74,435.74,14.50,225.00
119.81,119.81,119.81,14.50,225.00
254.31,254.31,254.31,14.50,225.00
349.81,349.81,349.81,8.00,247.50
449.14,449.14,449.14,8.00,247.50
276.35,276.35,276.35,8.00,247.50
421.99,421.99,421.99,8.00,247.50
428.71,428.71,428.71,8.00,247.50
453.22,453.22,453.22,8.00,247.50
520.43,520.43,520.43,8.00,247.50
628.94,628.94,628.94,8.00,247.50
1284.87,1284.87,1284.87,8.00,247.50
1668.59,1668.59,1668.59,8.00,247.50
1781.2,1781.2,1781.2,8.00,247.50
1786.79,1786.79,1786.79,8.00,247.50
824.35,824.35,824.35,8.00,247.50
640.84,640.84,640.84,8.00,247.50
749.7,749.7,749.7,8.00,247.50
867.45,867.45,867.45,8.00,247.50
750.28,750.28,750.28,8.00,247.50
1324.67,1324.67,1324.67,8.00,247.50
1217.26,1217.26,1217.26,8.00,247.50
1121.88,1121.88,1121.88,8.00,247.50
1805.66,1805.66,1805.66,9.70,270.00
1027.96,1027.96,1027.96,9.70,270.00
384.18,384.18,384.18,9.70,270.00
840.49,840.49,840.49,9.70,270.00
440.7,440.7,440.7,9.70,270.00
837.18,837.18,837.18,9.70,270.00
596.05,596.05,596.05,9.70,270.00
650.15,650.15,650.15,9.70,270.00
901.92,901.92,901.92,9.70,270.00
1375.6,1375.6,1375.6,9.70,270.00
1671.03,1671.03,1671.03,11.30,292.50
1170.02,1170.02,1170.02,11.30,292.50
1244.03,1244.03,1244.03,11.30,292.50
884.35,884.35,884.35,11.30,292.50
1604.31,1604.31,1604.31,11.30,292.50
1954.57,1954.57,1954.57,11.30,292.50
1415.76,1415.76,1415.76,11.30,292.50
1338.24,1338.24,1338.24,11.30,292.50
1223.71,1223.71,1223.71,11.30,292.50
1181.42,1181.42,1181.42,11.30,292.50
1005.52,1005.52,1005.52,8.00,225.00
1489.36,1489.36,1489.36,8.00,225.00
1000.05,1000.05,1000.05,8.00,225.00
734.5,734.5,734.5,8.00,225.00
1015.25,1015.25,1015.25,8.00,225.00
569.35,569.35,569.35,8.00,225.00
375.61,375.61,375.61,8.00,225.00
746.62,746.62,746.62,8.00,225.00
734.62,734.62,734.62,8.00,225.00
583.75,583.75,583.75,8.00,225.00
781.99,781.99,781.99,11.30,292.50
645.17,645.17,645.17,11.30,292.50
503.52,503.52,503.52,11.30,292.50
356.02,356.02,356.02,11.30,292.50
757.1,757.1,757.1,11.30,292.50
627.4,627.4,627.4,11.30,292.50
682.65,682.65,682.65,11.30,292.50
516.11,516.11,516.11,11.30,292.50
746.03,746.03,746.03,11.30,292.50
885.86,885.86,885.86,11.30,292.50
647.44,647.44,647.44,8.00,180.00
420.23,420.23,420.23,8.00,180.00
216.48,216.48,216.48,8.00,180.00
457.73,457.73,457.73,8.00,180.00
319.43,319.43,319.43,8.00,180.00
481.29,481.29,481.29,8.00,180.00
209.88,209.88,209.88,8.00,180.00
423.96,423.96,423.96,8.00,180.00
467.84,467.84,467.84,8.00,180.00
401.44,401.44,401.44,8.00,180.00
305.48,305.48,305.48,8.00,270.00
564.13,564.13,564.13,8.00,270.00
267.5,267.5,267.5,8.00,270.00
289.31,289.31,289.31,8.00,270.00
42.17,42.17,42.17,8.00,270.00
216.23,216.23,216.23,8.00,270.00
645.29,645.29,645.29,8.00,270.00
396.01,396.01,396.01,8.00,270.00
556.8,556.8,556.8,8.00,270.00
280.54,280.54,280.54,8.00,270.00
439.87,439.87,439.87,9.70,292.50
703.71,703.71,703.71,9.70,292.50
270.13,270.13,270.13,9.70,292.50
325.34,325.34,325.34,9.70,292.50
795.17,795.17,795.17,9.70,292.50
395.19,395.19,395.19,9.70,292.50
250.72,250.72,250.72,9.70,292.50
233.4,233.4,233.4,9.70,292.50
862.19,862.19,862.19,9.70,292.50
189.76,189.76,189.76,9.70,292.50
299.05,299.05,299.05,3.20,270.00
255.9,255.9,255.9,3.20,270.00
296.76,296.76,296.76,3.20,270.00
232.91,232.91,232.91,3.20,270.00
334.03,334.03,334.03,3.20,270.00
502.27,502.27,502.27,3.20,270.00
370.32,370.32,370.32,3.20,270.00
392.38,392.38,392.38,3.20,270.00
173.53,173.53,173.53,3.20,270.00
265.88,265.88,265.88,3.20,270.00
122.47,122.47,122.47,3.20,270.00
775.5,775.5,775.5,3.20,270.00
330.48,330.48,330.48,3.20,270.00
207.07,207.07,207.07,3.20,270.00
464.75,464.75,464.75,3.20,270.00
576.96,576.96,576.96,3.20,270.00
152.5,152.5,152.5,3.20,270.00
489.25,489.25,489.25,3.20,270.00
142.72,142.72,142.72,3.20,270.00
414.22,414.22,414.22,3.20,270.00
222.46,222.46,222.46,3.20,180.00
254.44,254.44,254.44,3.20,180.00
116.59,116.59,116.59,3.20,180.00
241.66,241.66,241.66,3.20,180.00
492.95,492.95,492.95,3.20,180.00
264.53,264.53,264.53,3.20,180.00
36.46,36.46,36.46,3.20,180.00
73.09,73.09,73.09,3.20,180.00
152.64,152.64,152.64,3.20,180.00
177.58,177.58,177.58,3.20,180.00
136.21,136.21,136.21,6.40,202.50
171.43,171.43,171.43,6.40,202.50
316.57,316.57,316.57,6.40,202.50
51.9,51.9,51.9,6.40,202.50
357.72,357.72,357.72,6.40,202.50
210.71,210.71,210.71,6.40,202.50
286.8,286.8,286.8,6.40,202.50
369.66,369.66,369.66,6.40,202.50
352.01,352.01,352.01,6.40,202.50
229.41,229.41,229.41,6.40,202.50
279.88,279.88,279.88,6.40,225.00
349.36,349.36,349.36,6.40,225.00
775.38,775.38,775.38,6.40,225.00
851.89,851.89,851.89,6.40,225.00
1011.69,1011.69,1011.69,6.40,225.00
910.88,910.88,910.88,6.40,225.00
214.46,214.46,214.46,6.40,225.00
437.1,437.1,437.1,6.40,225.00
253.21,253.21,253.21,6.40,225.00
1015.41,1015.41,1015.41,6.40,225.00
502.53,502.53,502.53,6.40,247.50
471.06,471.06,471.06,6.40,247.50
384.72,384.72,384.72,6.40,247.50
246.4,246.4,246.4,6.40,247.50
229.32,229.32,229.32,6.40,247.50
418.56,418.56,418.56,6.40,247.50
443.91,443.91,443.91,6.40,247.50
357.68,357.68,357.68,6.40,247.50
232.42,232.42,232.42,6.40,247.50
62.94,62.94,62.94,6.40,247.50
299.45,299.45,299.45,8.00,247.50
235.5,235.5,235.5,8.00,247.50
370.13,370.13,370.13,8.00,247.50
165.36,165.36,165.36,8.00,247.50
258.93,258.93,258.93,8.00,247.50
219.47,219.47,219.47,8.00,247.50
149.76,149.76,149.76,8.00,247.50
33.98,33.98,33.98,8.00,247.50
109.09,109.09,109.09,8.00,247.50
0.62,0.62,0.62,8.00,247.50
93.24,93.24,93.24,4.80,315.00
51.94,51.94,51.94,4.80,315.00
85.95,85.95,85.95,4.80,315.00
43.45,43.45,43.45,4.80,315.00
485.86,485.86,485.86,4.80,315.00
39.83,39.83,39.83,4.80,315.00
117.13,117.13,117.13,4.80,315.00
75.55,75.55,75.55,4.80,315.00
57.23,57.23,57.23,4.80,315.00
118.16,118.16,118.16,4.80,315.00
57.22,57.22,57.22,6.40,270.00
61.12,61.12,61.12,6.40,270.00
207.52,207.52,207.52,6.40,270.00
174.93,174.93,174.93,6.40,270.00
329.44,329.44,329.44,6.40,270.00
72.96,72.96,72.96,6.40,270.00
215.23,215.23,215.23,6.40,270.00
242.09,242.09,242.09,6.40,270.00
102.37,102.37,102.37,6.40,270.00
217.65,217.65,217.65,6.40,270.00
247.58,247.58,247.58,12.90,270.00
89.61,89.61,89.61,12.90,270.00
394.46,394.46,394.46,12.90,270.00
67.02,67.02,67.02,12.90,270.00
352.37,352.37,352.37,12.90,270.00
51.8,51.8,51.8,12.90,270.00
110.27,110.27,110.27,12.90,270.00
439.56,439.56,439.56,12.90,270.00
122.05,122.05,122.05,12.90,270.00
71.72,71.72,71.72,12.90,270.00
268.94,268.94,268.94,8.00,270.00
304.93,304.93,304.93,8.00,270.00
118.74,118.74,118.74,8.00,270.00
36.24,36.24,36.24,8.00,270.00
105.38,105.38,105.38,8.00,270.00
98.47,98.47,98.47,8.00,270.00
273.32,273.32,273.32,8.00,270.00
96.59,96.59,96.59,8.00,270.00
137.67,137.67,137.67,8.00,270.00
334.71,334.71,334.71,8.00,270.00
75.12,75.12,75.12,8.00,270.00
223.34,223.34,223.34,8.00,270.00
59.08,59.08,59.08,8.00,270.00
293.49,293.49,293.49,8.00,270.00
24.21,24.21,24.21,8.00,270.00
146.86,146.86,146.86,8.00,270.00
178.48,178.48,178.48,8.00,270.00
147.49,147.49,147.49,8.00,270.00
18.79,18.79,18.79,8.00,270.00
158.17,158.17,158.17,8.00,270.00
128.23,128.23,128.23,11.30,315.00
133.02,133.02,133.02,11.30,315.00
243.65,243.65,243.65,11.30,315.00
87.99,87.99,87.99,11.30,315.00
28.82,28.82,28.82,11.30,315.00
62.01,62.01,62.01,11.30,315.00
353.24,353.24,353.24,11.30,315.00
329.17,329.17,329.17,11.30,315.00
0.62,0.62,0.62,11.30,315.00
55.31,55.31,55.31,11.30,315.00
272.16,272.16,272.16,8.00,225.00
59.42,59.42,59.42,8.00,225.00
19.63,19.63,19.63,8.00,225.00
92.31,92.31,92.31,8.00,225.00
255.39,255.39,255.39,8.00,225.00
76.26,76.26,76.26,8.00,225.00
31.85,31.85,31.85,8.00,225.00
37.86,37.86,37.86,8.00,225.00
138.55,138.55,138.55,8.00,225.00
233.29,233.29,233.29,8.00,225.00
32.87,32.87,32.87,9.70,202.50
244.21,244.21,244.21,9.70,202.50
63.89,63.89,63.89,9.70,202.50
380.44,380.44,380.44,9.70,202.50
95.1,95.1,95.1,9.70,202.50
189.42,189.42,189.42,9.70,202.50
115.82,115.82,115.82,9.70,202.50
292.34,292.34,292.34,9.70,202.50
27.48,27.48,27.48,9.70,202.50
34.47,34.47,34.47,9.70,202.50
172.4,172.4,172.4,9.70,270.00
186.2,186.2,186.2,9.70,270.00
96.19,96.19,96.19,9.70,270.00
158.93,158.93,158.93,9.70,270.00
11.29,11.29,11.29,9.70,270.00
233.03,233.03,233.03,9.70,270.00
105.64,105.64,105.64,9.70,270.00
214.36,214.36,214.36,9.70,270.00
177.79,177.79,177.79,9.70,270.00
176.31,176.31,176.31,9.70,270.00
170.81,170.81,170.81,6.40,225.00
146.03,146.03,146.03,6.40,225.00
246.04,246.04,246.04,6.40,225.00
22.73,22.73,22.73,6.40,225.00
192.03,192.03,192.03,6.40,225.00
149.66,149.66,149.66,6.40,225.00
16.97,16.97,16.97,6.40,225.00
51.25,51.25,51.25,6.40,225.00
198.79,198.79,198.79,6.40,225.00
193.69,193.69,193.69,6.40,225.00
217.3,217.3,217.3,8.00,202.50
259.55,259.55,259.55,8.00,202.50
234.05,234.05,234.05,8.00,202.50
660.64,660.64,660.64,8.00,202.50
209.81,209.81,209.81,8.00,202.50
105.23,105.23,105.23,8.00,202.50
353.26,353.26,353.26,8.00,202.50
107.72,107.72,107.72,8.00,202.50
222.91,222.91,222.91,8.00,202.50
43.46,43.46,43.46,8.00,202.50
285.8,285.8,285.8,6.40,157.50
292.66,292.66,292.66,6.40,157.50
18.01,18.01,18.01,6.40,157.50
229.5,229.5,229.5,6.40,157.50
42.86,42.86,42.86,6.40,157.50
368.66,368.66,368.66,6.40,157.50
52.84,52.84,52.84,6.40,157.50
54.84,54.84,54.84,6.40,157.50
180.86,180.86,180.86,6.40,157.50
308.38,308.38,308.38,6.40,157.50
51.45,51.45,51.45,8.00,247.50
92.58,92.58,92.58,8.00,247.50
69.64,69.64,69.64,8.00,247.50
463.75,463.75,463.75,8.00,247.50
108.92,108.92,108.92,8.00,247.50
180.79,180.79,180.79,8.00,247.50
181.79,181.79,181.79,8.00,247.50
127.66,127.66,127.66,8.00,247.50
40.33,40.33,40.33,8.00,247.50
29.86,29.86,29.86,8.00,247.50
38.12,38.12,38.12,6.40,202.50
272.1,272.1,272.1,6.40,202.50
466.17,466.17,466.17,6.40,202.50
27.85,27.85,27.85,6.40,202.50
150.89,150.89,150.89,6.40,202.50
149.37,149.37,149.37,6.40,202.50
143.98,143.98,143.98,6.40,202.50
45.35,45.35,45.35,6.40,202.50
214.7,214.7,214.7,6.40,202.50
8.8,8.8,8.8,6.40,202.50
214.18,214.18,214.18,6.40,225.00
346.05,346.05,346.05,6.40,225.00
48.14,48.14,48.14,6.40,225.00
108.25,108.25,108.25,6.40,225.00
7.36,7.36,7.36,6.40,225.00
272.21,272.21,272.21,6.40,225.00
102.13,102.13,102.13,6.40,225.00
139.01,139.01,139.01,6.40,225.00
249.99,249.99,249.99,6.40,225.00
198.57,198.57,198.57,6.40,225.00
159.92,159.92,159.92,4.80,202.50
38.65,38.65,38.65,4.80,202.50
68.38,68.38,68.38,4.80,202.50
262.91,262.91,262.91,4.80,202.50
23.61,23.61,23.61,4.80,202.50
187.24,187.24,187.24,4.80,202.50
131.71,131.71,131.71,4.80,202.50
336.55,336.55,336.55,4.80,202.50
87.15,87.15,87.15,4.80,202.50
9.08,9.08,9.08,4.80,202.50
84.68,84.68,84.68,1.60,270.00
95.54,95.54,95.54,1.60,270.00
385.84,385.84,385.84,1.60,270.00
63.63,63.63,63.63,1.60,270.00
149.93,149.93,149.93,1.60,270.00
67.97,67.97,67.97,1.60,270.00
368.31,368.31,368.31,1.60,270.00
0.62,0.62,0.62,1.60,270.00
113.26,113.26,113.26,1.60,270.00
199.06,199.06,199.06,1.60,270.00
389.89,389.89,389.89,4.80,22.50
205.95,205.95,205.95,4.80,22.50
189.82,189.82,189.82,4.80,22.50
181.76,181.76,181.76,4.80,22.50
148.65,148.65,148.65,4.80,22.50
316.34,316.34,316.34,4.80,22.50
148.23,148.23,148.23,4.80,22.50
262.37,262.37,262.37,4.80,22.50
350.69,350.69,350.69,4.80,22.50
190.38,190.38,190.38,4.80,22.50
204.79,204.79,204.79,3.20,45.00
92.2,92.2,92.2,3.20,45.00
95.06,95.06,95.06,3.20,45.00
357.1,357.1,357.1,3.20,45.00
336.64,336.64,336.64,3.20,45.00
304.03,304.03,304.03,3.20,45.00
93.33,93.33,93.33,3.20,45.00
83.86,83.86,83.86,3.20,45.00
190.47,190.47,190.47,3.20,45.00
290.95,290.95,290.95,3.20,45.00
241.42,241.42,241.42,1.60,67.50
351.34,351.34,351.34,1.60,67.50
103.78,103.78,103.78,1.60,67.50
448.56,448.56,448.56,1.60,67.50
151.83,151.83,151.83,1.60,67.50
213.55,213.55,213.55,1.60,67.50
570.75,570.75,570.75,1.60,67.50
234.53,234.53,234.53,1.60,67.50
161.48,161.48,161.48,1.60,67.50
222.08,222.08,222.08,1.60,67.50
279.42,279.42,279.42,3.20,0.10
106.16,106.16,106.16,3.20,0.10
260.53,260.53,260.53,3.20,0.10
442.85,442.85,442.85,3.20,0.10
202.15,202.15,202.15,3.20,0.10
427.48,427.48,427.48,3.20,0.10
300.95,300.95,300.95,3.20,0.10
317.85,317.85,317.85,3.20,0.10
336.49,336.49,336.49,3.20,0.10
224.97,224.97,224.97,3.20,0.10
64.21,64.21,64.21,4.80,225.00
147.69,147.69,147.69,4.80,225.00
86.44,86.44,86.44,4.80,225.00
231.11,231.11,231.11,4.80,225.00
189.77,189.77,189.77,4.80,225.00
128.84,128.84,128.84,4.80,225.00
79.73,79.73,79.73,4.80,225.00
162.03,162.03,162.03,4.80,225.00
92.02,92.02,92.02,4.80,225.00
243.01,243.01,243.01,4.80,225.00
169.57,169.57,169.57,4.80,270.00
230.62,230.62,230.62,4.80,270.00
181.38,181.38,181.38,4.80,270.00
120.22,120.22,120.22,4.80,270.00
71.26,71.26,71.26,4.80,270.00
186.21,186.21,186.21,4.80,270.00
254.58,254.58,254.58,4.80,270.00
112.46,112.46,112.46,4.80,270.00
183.07,183.07,183.07,4.80,270.00
176.6,176.6,176.6,4.80,270.00
469.68,469.68,469.68,4.80,202.50
201.45,201.45,201.45,4.80,202.50
47.38,47.38,47.38,4.80,202.50
301.61,301.61,301.61,4.80,202.50
258.74,258.74,258.74,4.80,202.50
231.89,231.89,231.89,4.80,202.50
53.88,53.88,53.88,4.80,202.50
199.28,199.28,199.28,4.80,202.50
293.28,293.28,293.28,4.80,202.50
111.66,111.66,111.66,4.80,202.50
167.3,167.3,167.3,4.80,270.00
65.66,65.66,65.66,4.80,270.00
163.71,163.71,163.71,4.80,270.00
250.9,250.9,250.9,4.80,270.00
218.32,218.32,218.32,4.80,270.00
156.51,156.51,156.51,4.80,270.00
111.7,111.7,111.7,4.80,270.00
375.38,375.38,375.38,4.80,270.00
80.06,80.06,80.06,4.80,270.00
79.97,79.97,79.97,4.80,270.00
268.9,268.9,268.9,4.80,202.50
185.91,185.91,185.91,4.80,202.50
115.56,115.56,115.56,4.80,202.50
2.69,2.69,2.69,4.80,202.50
187.69,187.69,187.69,4.80,202.50
412.7,412.7,412.7,4.80,202.50
26.39,26.39,26.39,4.80,202.50
277.28,277.28,277.28,4.80,202.50
68.97,68.97,68.97,4.80,202.50
233.47,233.47,233.47,4.80,202.50
149.05,149.05,149.05,8.00,225.00
306.28,306.28,306.28,8.00,225.00
40.7,40.7,40.7,8.00,225.00
35.02,35.02,35.02,8.00,225.00
170.68,170.68,170.68,8.00,225.00
144.49,144.49,144.49,8.00,225.00
256.37,256.37,256.37,8.00,225.00
70.39,70.39,70.39,8.00,225.00
601.25,601.25,601.25,8.00,225.00
130.29,130.29,130.29,8.00,225.00
261.82,261.82,261.82,3.20,225.00
253.08,253.08,253.08,3.20,225.00
255.37,255.37,255.37,3.20,225.00
113.26,113.26,113.26,3.20,225.00
92.62,92.62,92.62,3.20,225.00
148.62,148.62,148.62,3.20,225.00
24.55,24.55,24.55,3.20,225.00
212.02,212.02,212.02,3.20,225.00
12.76,12.76,12.76,3.20,225.00
19.71,19.71,19.71,3.20,225.00
60.58,60.58,60.58,0.10,45.00
89.82,89.82,89.82,0.10,45.00
107.72,107.72,107.72,0.10,45.00
403.86,403.86,403.86,0.10,45.00
0.62,0.62,0.62,0.10,45.00
257.82,257.82,257.82,0.10,45.00
109.35,109.35,109.35,0.10,45.00
129.27,129.27,129.27,0.10,45.00
129.59,129.59,129.59,0.10,45.00
412,412,412,0.10,45.00
23.63,23.63,23.63,0.10,90.00
180.96,180.96,180.96,0.10,90.00
0.62,0.62,0.62,0.10,90.00
137.94,137.94,137.94,0.10,90.00
87.12,87.12,87.12,0.10,90.00
88.2,88.2,88.2,0.10,90.00
124.91,124.91,124.91,0.10,90.00
511.75,511.75,511.75,0.10,90.00
166.98,166.98,166.98,0.10,90.00
189.38,189.38,189.38,0.10,90.00
86.73,86.73,86.73,3.20,112.50
65.02,65.02,65.02,3.20,112.50
326.22,326.22,326.22,3.20,112.50
85.77,85.77,85.77,3.20,112.50
174.27,174.27,174.27,3.20,112.50
0.62,0.62,0.62,3.20,112.50
300.43,300.43,300.43,3.20,112.50
240.12,240.12,240.12,3.20,112.50
157.51,157.51,157.51,3.20,112.50
225.64,225.64,225.64,3.20,112.50
469.04,469.04,469.04,1.60,180.00
207.55,207.55,207.55,1.60,180.00
255.05,255.05,255.05,1.60,180.00
202.36,202.36,202.36,1.60,180.00
195.52,195.52,195.52,1.60,180.00
265.96,265.96,265.96,1.60,180.00
407.38,407.38,407.38,1.60,180.00
261.68,261.68,261.68,1.60,180.00
610.37,610.37,610.37,1.60,180.00
1169.03,1169.03,1169.03,1.60,180.00
1010.59,1010.59,1010.59,0.10,135.00
449.41,449.41,449.41,0.10,135.00
674.92,674.92,674.92,0.10,135.00
817.81,817.81,817.81,0.10,135.00
442.84,442.84,442.84,0.10,135.00
605.23,605.23,605.23,0.10,135.00
293.09,293.09,293.09,0.10,135.00
967.12,967.12,967.12,0.10,135.00
861.31,861.31,861.31,0.10,135.00
793.55,793.55,793.55,0.10,135.00
648.59,648.59,648.59,0.10,135.00
795.49,795.49,795.49,0.10,135.00
259.39,259.39,259.39,0.10,135.00
375.11,375.11,375.11,0.10,135.00
1191.04,1191.04,1191.04,0.10,135.00
540.79,540.79,540.79,0.10,135.00
496.12,496.12,496.12,0.10,135.00
502.57,502.57,502.57,0.10,135.00
255.22,255.22,255.22,0.10,135.00
301.3,301.3,301.3,0.10,135.00
127.51,127.51,127.51,3.20,202.50
125.71,125.71,125.71,3.20,202.50
259.42,259.42,259.42,3.20,202.50
256.59,256.59,256.59,3.20,202.50
515.09,515.09,515.09,3.20,202.50
174.14,174.14,174.14,3.20,202.50
138.97,138.97,138.97,3.20,202.50
195.4,195.4,195.4,3.20,202.50
195.18,195.18,195.18,3.20,202.50
88.5,88.5,88.5,3.20,202.50
179.36,179.36,179.36,0.10,135.00
22.86,22.86,22.86,0.10,135.00
76.02,76.02,76.02,0.10,135.00
461.99,461.99,461.99,0.10,135.00
37.95,37.95,37.95,0.10,135.00
61.57,61.57,61.57,0.10,135.00
200.44,200.44,200.44,0.10,135.00
292.87,292.87,292.87,0.10,135.00
72.28,72.28,72.28,0.10,135.00
38.76,38.76,38.76,0.10,135.00
42.97,42.97,42.97,1.60,180.00
260.99,260.99,260.99,1.60,180.00
281.26,281.26,281.26,1.60,180.00
125.85,125.85,125.85,1.60,180.00
262.08,262.08,262.08,1.60,180.00
270.22,270.22,270.22,1.60,180.00
44.1,44.1,44.1,1.60,180.00
132.22,132.22,132.22,1.60,180.00
208.86,208.86,208.86,1.60,180.00
16.57,16.57,16.57,1.60,180.00
534.5,534.5,534.5,0.10,180.00
224.66,224.66,224.66,0.10,180.00
373.69,373.69,373.69,0.10,180.00
52.33,52.33,52.33,0.10,180.00
209.94,209.94,209.94,0.10,180.00
272.89,272.89,272.89,0.10,180.00
65.82,65.82,65.82,0.10,180.00
102.94,102.94,102.94,0.10,180.00
207.53,207.53,207.53,0.10,180.00
141.46,141.46,141.46,0.10,180.00
264.77,264.77,264.77,0.10,180.00
171.87,171.87,171.87,0.10,180.00
67.55,67.55,67.55,0.10,180.00
198.12,198.12,198.12,0.10,180.00
247.22,247.22,247.22,0.10,180.00
128.03,128.03,128.03,0.10,180.00
299.86,299.86,299.86,0.10,180.00
199.68,199.68,199.68,0.10,180.00
190.19,190.19,190.19,0.10,180.00
100.75,100.75,100.75,0.10,180.00
90.62,90.62,90.62,0.10,180.00
258.91,258.91,258.91,0.10,180.00
176.4,176.4,176.4,0.10,180.00
118.11,118.11,118.11,0.10,180.00
263.41,263.41,263.41,0.10,180.00
242.91,242.91,242.91,0.10,180.00
280.86,280.86,280.86,0.10,180.00
233.11,233.11,233.11,0.10,180.00
27.42,27.42,27.42,0.10,180.00
161.12,161.12,161.12,0.10,180.00
292.46,292.46,292.46,0.10,180.00
128.12,128.12,128.12,0.10,180.00
288.16,288.16,288.16,0.10,180.00
229.89,229.89,229.89,0.10,180.00
244.47,244.47,244.47,0.10,180.00
334.32,334.32,334.32,0.10,180.00
273.86,273.86,273.86,0.10,180.00
375.44,375.44,375.44,0.10,180.00
162.31,162.31,162.31,0.10,180.00
228.89,228.89,228.89,0.10,180.00
224.49,224.49,224.49,0.10,180.00
466.72,466.72,466.72,0.10,180.00
173.78,173.78,173.78,0.10,180.00
144.35,144.35,144.35,0.10,180.00
290.43,290.43,290.43,0.10,180.00
70.19,70.19,70.19,0.10,180.00
205.56,205.56,205.56,0.10,180.00
75.04,75.04,75.04,0.10,180.00
317.67,317.67,317.67,0.10,180.00
128.34,128.34,128.34,0.10,180.00
84.56,84.56,84.56,0.10,180.00
266.72,266.72,266.72,0.10,180.00
83.55,83.55,83.55,0.10,180.00
147.68,147.68,147.68,0.10,180.00
135.71,135.71,135.71,0.10,180.00
306.77,306.77,306.77,0.10,180.00
176.46,176.46,176.46,0.10,180.00
174.87,174.87,174.87,0.10,180.00
78.11,78.11,78.11,0.10,180.00
484.52,484.52,484.52,0.10,180.00
51.2,51.2,51.2,0.10,45.00
318.02,318.02,318.02,0.10,45.00
259.24,259.24,259.24,0.10,45.00
357.05,357.05,357.05,0.10,45.00
126.46,126.46,126.46,0.10,45.00
187.06,187.06,187.06,0.10,45.00
51.06,51.06,51.06,0.10,45.00
275.72,275.72,275.72,0.10,45.00
264.69,264.69,264.69,0.10,45.00
185.5,185.5,185.5,0.10,45.00
135.6,135.6,135.6,0.10,45.00
166.12,166.12,166.12,0.10,45.00
275.14,275.14,275.14,0.10,45.00
21.16,21.16,21.16,0.10,45.00
356.39,356.39,356.39,0.10,45.00
93.59,93.59,93.59,0.10,45.00
106.08,106.08,106.08,0.10,45.00
121.8,121.8,121.8,0.10,45.00
67.31,67.31,67.31,0.10,45.00
123.66,123.66,123.66,0.10,45.00
244.59,244.59,244.59,0.10,45.00
181.09,181.09,181.09,0.10,45.00
200.98,200.98,200.98,0.10,45.00
137.91,137.91,137.91,0.10,45.00
115.76,115.76,115.76,0.10,45.00
163.23,163.23,163.23,0.10,45.00
90.79,90.79,90.79,0.10,45.00
104.3,104.3,104.3,0.10,45.00
148.07,148.07,148.07,0.10,45.00
496.25,496.25,496.25,0.10,45.00
458.5,458.5,458.5,0.10,45.00
223.39,223.39,223.39,0.10,45.00
178.43,178.43,178.43,0.10,45.00
185.67,185.67,185.67,0.10,45.00
153.57,153.57,153.57,0.10,45.00
212.36,212.36,212.36,0.10,45.00
100.18,100.18,100.18,0.10,45.00
376.59,376.59,376.59,0.10,45.00
145.85,145.85,145.85,0.10,45.00
114.71,114.71,114.71,0.10,45.00
125.58,125.58,125.58,1.60,315.00
359.83,359.83,359.83,1.60,315.00
114.64,114.64,114.64,1.60,315.00
237.8,237.8,237.8,1.60,315.00
0.62,0.62,0.62,1.60,315.00
139.94,139.94,139.94,1.60,315.00
445.21,445.21,445.21,1.60,315.00
283.58,283.58,283.58,1.60,315.00
99.4,99.4,99.4,1.60,315.00
203.65,203.65,203.65,1.60,315.00
174.07,174.07,174.07,0.10,315.00
78.79,78.79,78.79,0.10,315.00
36.57,36.57,36.57,0.10,315.00
201.53,201.53,201.53,0.10,315.00
254.78,254.78,254.78,0.10,315.00
132.9,132.9,132.9,0.10,315.00
16.68,16.68,16.68,0.10,315.00
260.35,260.35,260.35,0.10,315.00
398.27,398.27,398.27,0.10,315.00
88.61,88.61,88.61,0.10,315.00
95.54,95.54,95.54,0.10,67.50
195.62,195.62,195.62,0.10,67.50
27.54,27.54,27.54,0.10,67.50
137.98,137.98,137.98,0.10,67.50
62.08,62.08,62.08,0.10,67.50
118.94,118.94,118.94,0.10,67.50
161.06,161.06,161.06,0.10,67.50
358.16,358.16,358.16,0.10,67.50
85.47,85.47,85.47,0.10,67.50
287.61,287.61,287.61,0.10,67.50
138.27,138.27,138.27,0.10,67.50
179.11,179.11,179.11,0.10,67.50
168.56,168.56,168.56,0.10,67.50
127.6,127.6,127.6,0.10,67.50
152.13,152.13,152.13,0.10,67.50
587.43,587.43,587.43,0.10,67.50
15.42,15.42,15.42,0.10,67.50
211.28,211.28,211.28,0.10,67.50
132.06,132.06,132.06,0.10,67.50
179.64,179.64,179.64,0.10,67.50
268.76,268.76,268.76,0.10,67.50
196.85,196.85,196.85,0.10,67.50
85.36,85.36,85.36,0.10,67.50
60.5,60.5,60.5,0.10,67.50
391.71,391.71,391.71,0.10,67.50
108.94,108.94,108.94,0.10,67.50
129.28,129.28,129.28,0.10,67.50
75.27,75.27,75.27,0.10,67.50
168.33,168.33,168.33,0.10,67.50
97.6,97.6,97.6,0.10,67.50
272.16,272.16,272.16,0.10,67.50
299,299,299,0.10,67.50
397.57,397.57,397.57,0.10,67.50
168.84,168.84,168.84,0.10,67.50
17.78,17.78,17.78,0.10,67.50
188.53,188.53,188.53,0.10,67.50
86.98,86.98,86.98,0.10,67.50
351.95,351.95,351.95,0.10,67.50
143.99,143.99,143.99,0.10,67.50
224.78,224.78,224.78,0.10,67.50
219.59,219.59,219.59,0.10,67.50
267.77,267.77,267.77,0.10,67.50
74.62,74.62,74.62,0.10,67.50
13.73,13.73,13.73,0.10,67.50
168.6,168.6,168.6,0.10,67.50
165.51,165.51,165.51,0.10,67.50
235.83,235.83,235.83,0.10,67.50
337.94,337.94,337.94,0.10,67.50
100.82,100.82,100.82,0.10,67.50
241.51,241.51,241.51,0.10,67.50
65.05,65.05,65.05,0.10,337.50
373.24,373.24,373.24,0.10,337.50
119.81,119.81,119.81,0.10,337.50
144.44,144.44,144.44,0.10,337.50
115.05,115.05,115.05,0.10,337.50
324.89,324.89,324.89,0.10,337.50
147.07,147.07,147.07,0.10,337.50
153.16,153.16,153.16,0.10,337.50
102.21,102.21,102.21,0.10,337.50
53.2,53.2,53.2,0.10,337.50
166.83,166.83,166.83,0.10,90.00
122.52,122.52,122.52,0.10,90.00
156.7,156.7,156.7,0.10,90.00
0.62,0.62,0.62,0.10,90.00
223.47,223.47,223.47,0.10,90.00
212.4,212.4,212.4,0.10,90.00
399.8,399.8,399.8,0.10,90.00
215.01,215.01,215.01,0.10,90.00
14.66,14.66,14.66,0.10,90.00
19.18,19.18,19.18,0.10,90.00
76.09,76.09,76.09,0.10,180.00
421.79,421.79,421.79,0.10,180.00
297.4,297.4,297.4,0.10,180.00
229.97,229.97,229.97,0.10,180.00
128.76,128.76,128.76,0.10,180.00
515.57,515.57,515.57,0.10,180.00
184.89,184.89,184.89,0.10,180.00
71.23,71.23,71.23,0.10,180.00
150.76,150.76,150.76,0.10,180.00
240.97,240.97,240.97,0.10,180.00
236.18,236.18,236.18,0.10,202.50
184.12,184.12,184.12,0.10,202.50
81.12,81.12,81.12,0.10,202.50
259.61,259.61,259.61,0.10,202.50
281.61,281.61,281.61,0.10,202.50
243.29,243.29,243.29,0.10,202.50
144.22,144.22,144.22,0.10,202.50
20.22,20.22,20.22,0.10,202.50
255.8,255.8,255.8,0.10,202.50
101.69,101.69,101.69,0.10,202.50
84.26,84.26,84.26,0.10,112.50
140.49,140.49,140.49,0.10,112.50
487.98,487.98,487.98,0.10,112.50
89.14,89.14,89.14,0.10,112.50
92.2,92.2,92.2,0.10,112.50
310.25,310.25,310.25,0.10,112.50
7.85,7.85,7.85,0.10,112.50
379.78,379.78,379.78,0.10,112.50
113,113,113,0.10,112.50
94.56,94.56,94.56,0.10,112.50
277.51,277.51,277.51,0.10,112.50
16.3,16.3,16.3,0.10,112.50
166.98,166.98,166.98,0.10,112.50
144.18,144.18,144.18,0.10,112.50
188.47,188.47,188.47,0.10,112.50
165.67,165.67,165.67,0.10,112.50
332.77,332.77,332.77,0.10,112.50
147.67,147.67,147.67,0.10,112.50
35.82,35.82,35.82,0.10,112.50
286.22,286.22,286.22,0.10,112.50
162.2,162.2,162.2,0.10,112.50
183.1,183.1,183.1,0.10,112.50
148.1,148.1,148.1,0.10,112.50
452.97,452.97,452.97,0.10,112.50
199.45,199.45,199.45,0.10,112.50
69.66,69.66,69.66,0.10,112.50
187.27,187.27,187.27,0.10,112.50
309.2,309.2,309.2,0.10,112.50
62.92,62.92,62.92,0.10,112.50
127.67,127.67,127.67,0.10,112.50
234.63,234.63,234.63,0.10,112.50
313.4,313.4,313.4,0.10,112.50
150.26,150.26,150.26,0.10,112.50
162.76,162.76,162.76,0.10,112.50
185.32,185.32,185.32,0.10,112.50
209.02,209.02,209.02,0.10,112.50
283.9,283.9,283.9,0.10,112.50
87.04,87.04,87.04,0.10,112.50
94.38,94.38,94.38,0.10,112.50
40.46,40.46,40.46,0.10,112.50
218.12,218.12,218.12,0.10,270.00
81.62,81.62,81.62,0.10,270.00
192.77,192.77,192.77,0.10,270.00
136.59,136.59,136.59,0.10,270.00
145.3,145.3,145.3,0.10,270.00
145.42,145.42,145.42,0.10,270.00
70.93,70.93,70.93,0.10,270.00
159.44,159.44,159.44,0.10,270.00
308.53,308.53,308.53,0.10,270.00
163.05,163.05,163.05,0.10,270.00
100.53,100.53,100.53,0.10,202.50
85.46,85.46,85.46,0.10,202.50
501.17,501.17,501.17,0.10,202.50
464.31,464.31,464.31,0.10,202.50
344.41,344.41,344.41,0.10,202.50
558.26,558.26,558.26,0.10,202.50
1177.33,1177.33,1177.33,0.10,202.50
262.89,262.89,262.89,0.10,202.50
173.72,173.72,173.72,0.10,202.50
100.71,100.71,100.71,0.10,202.50
103.61,103.61,103.61,0.10,225.00
211.76,211.76,211.76,0.10,225.00
215.31,215.31,215.31,0.10,225.00
307.47,307.47,307.47,0.10,225.00
226.13,226.13,226.13,0.10,225.00
513.44,513.44,513.44,0.10,225.00
262.67,262.67,262.67,0.10,225.00
449.85,449.85,449.85,0.10,225.00
72.1,72.1,72.1,0.10,225.00
165.43,165.43,165.43,0.10,225.00
507.23,507.23,507.23,0.10,157.50
92.84,92.84,92.84,0.10,157.50
479.15,479.15,479.15,0.10,157.50
312.94,312.94,312.94,0.10,157.50
553.75,553.75,553.75,0.10,157.50
191.97,191.97,191.97,0.10,157.50
26.5,26.5,26.5,0.10,157.50
62.17,62.17,62.17,0.10,157.50
342.8,342.8,342.8,0.10,157.50
249.69,249.69,249.69,0.10,157.50
78.7,78.7,78.7,1.60,180.00
123.44,123.44,123.44,1.60,180.00
684.04,684.04,684.04,1.60,180.00
146.57,146.57,146.57,1.60,180.00
35.88,35.88,35.88,1.60,180.00
128.48,128.48,128.48,1.60,180.00
253.37,253.37,253.37,1.60,180.00
295.35,295.35,295.35,1.60,180.00
168.08,168.08,168.08,1.60,180.00
94.31,94.31,94.31,1.60,180.00
253.5,253.5,253.5,0.10,180.00
153.05,153.05,153.05,0.10,180.00
72.94,72.94,72.94,0.10,180.00
134.64,134.64,134.64,0.10,180.00
81.39,81.39,81.39,0.10,180.00
234.79,234.79,234.79,0.10,180.00
241.69,241.69,241.69,0.10,180.00
1017.01,1017.01,1017.01,0.10,180.00
382.96,382.96,382.96,0.10,180.00
241.73,241.73,241.73,0.10,180.00
112.01,112.01,112.01,0.10,180.00
174.21,174.21,174.21,0.10,180.00
64.35,64.35,64.35,0.10,180.00
98.82,98.82,98.82,0.10,180.00
323.11,323.11,323.11,0.10,180.00
76.95,76.95,76.95,0.10,180.00
128.51,128.51,128.51,0.10,180.00
52.16,52.16,52.16,0.10,180.00
573.69,573.69,573.69,0.10,180.00
203.97,203.97,203.97,0.10,180.00
47.57,47.57,47.57,0.10,180.00
130.29,130.29,130.29,0.10,180.00
189.75,189.75,189.75,0.10,180.00
358.09,358.09,358.09,0.10,180.00
135.52,135.52,135.52,0.10,180.00
101.53,101.53,101.53,0.10,180.00
330.16,330.16,330.16,0.10,180.00
230.86,230.86,230.86,0.10,180.00
35.2,35.2,35.2,0.10,180.00
239.65,239.65,239.65,0.10,180.00
337.57,337.57,337.57,0.10,180.00
59.19,59.19,59.19,0.10,180.00
111.72,111.72,111.72,0.10,180.00
86.85,86.85,86.85,0.10,180.00
41.92,41.92,41.92,0.10,180.00
626.77,626.77,626.77,0.10,180.00
319.92,319.92,319.92,0.10,180.00
661.85,661.85,661.85,0.10,180.00
610.16,610.16,610.16,0.10,180.00
522.09,522.09,522.09,0.10,180.00
146.94,146.94,146.94,0.10,337.50
382.36,382.36,382.36,0.10,337.50
192.49,192.49,192.49,0.10,337.50
442.25,442.25,442.25,0.10,337.50
297.86,297.86,297.86,0.10,337.50
406.81,406.81,406.81,0.10,337.50
256.79,256.79,256.79,0.10,337.50
386.59,386.59,386.59,0.10,337.50
318.27,318.27,318.27,0.10,337.50
782.17,782.17,782.17,0.10,337.50
128.97,128.97,128.97,0.10,0.00
65.34,65.34,65.34,0.10,0.00
603.8,603.8,603.8,0.10,0.00
132.9,132.9,132.9,0.10,0.00
53.92,53.92,53.92,0.10,0.00
283.59,283.59,283.59,0.10,0.00
366.89,366.89,366.89,0.10,0.00
299.31,299.31,299.31,0.10,0.00
12.73,12.73,12.73,0.10,0.00
147.27,147.27,147.27,0.10,0.00
231.88,231.88,231.88,3.20,292.50
111.53,111.53,111.53,3.20,292.50
176.87,176.87,176.87,3.20,292.50
341.9,341.9,341.9,3.20,292.50
642.56,642.56,642.56,3.20,292.50
340.36,340.36,340.36,3.20,292.50
313.96,313.96,313.96,3.20,292.50
511.96,511.96,511.96,3.20,292.50
1080.79,1080.79,1080.79,3.20,292.50
1720.9,1720.9,1720.9,3.20,292.50
932.44,932.44,932.44,0.10,292.50
775.35,775.35,775.35,0.10,292.50
540.58,540.58,540.58,0.10,292.50
1223.76,1223.76,1223.76,0.10,292.50
591.09,591.09,591.09,0.10,292.50
532.75,532.75,532.75,0.10,292.50
1050.96,1050.96,1050.96,0.10,292.50
852.28,852.28,852.28,0.10,292.50
576.26,576.26,576.26,0.10,292.50
1053.67,1053.67,1053.67,0.10,292.50
884.74,884.74,884.74,0.10,292.50
1079.16,1079.16,1079.16,0.10,292.50
1138.53,1138.53,1138.53,0.10,292.50
1008.64,1008.64,1008.64,0.10,292.50
860.59,860.59,860.59,0.10,292.50
1010.34,1010.34,1010.34,0.10,292.50
1012.99,1012.99,1012.99,0.10,292.50
875.96,875.96,875.96,0.10,292.50
996.39,996.39,996.39,0.10,292.50
874.52,874.52,874.52,0.10,292.50
748.59,748.59,748.59,0.10,292.50
1567.67,1567.67,1567.67,0.10,292.50
1054.54,1054.54,1054.54,0.10,292.50
534.05,534.05,534.05,0.10,292.50
1270.05,1270.05,1270.05,0.10,292.50
782.84,782.84,782.84,0.10,292.50
645.86,645.86,645.86,0.10,292.50
1035.74,1035.74,1035.74,0.10,292.50
978.72,978.72,978.72,0.10,292.50
569.36,569.36,569.36,0.10,292.50
817.79,817.79,817.79,0.10,292.50
1431.78,1431.78,1431.78,0.10,292.50
1076.13,1076.13,1076.13,0.10,292.50
1270.2,1270.2,1270.2,0.10,292.50
657.19,657.19,657.19,0.10,292.50
675.26,675.26,675.26,0.10,292.50
1089.7,1089.7,1089.7,0.10,292.50
1545.31,1545.31,1545.31,0.10,292.50
925.52,925.52,925.52,0.10,292.50
871.71,871.71,871.71,0.10,292.50
535.08,535.08,535.08,0.10,337.50
1279.94,1279.94,1279.94,0.10,337.50
1121.54,1121.54,1121.54,0.10,337.50
827.29,827.29,827.29,0.10,337.50
824.54,824.54,824.54,0.10,337.50
1465.4,1465.4,1465.4,0.10,337.50
1147.19,1147.19,1147.19,0.10,337.50
1125.75,1125.75,1125.75,0.10,337.50
823.4,823.4,823.4,0.10,337.50
1267.91,1267.91,1267.91,0.10,337.50
1272.78,1272.78,1272.78,0.10,337.50
900,900,900,0.10,337.50
913.01,913.01,913.01,0.10,337.50
595.44,595.44,595.44,0.10,337.50
968.36,968.36,968.36,0.10,337.50
1029.36,1029.36,1029.36,0.10,337.50
831.55,831.55,831.55,0.10,337.50
548.4,548.4,548.4,0.10,337.50
1096.6,1096.6,1096.6,0.10,337.50
829.54,829.54,829.54,0.10,337.50
569.01,569.01,569.01,0.10,337.50
626.64,626.64,626.64,0.10,337.50
1204.88,1204.88,1204.88,0.10,337.50
596.42,596.42,596.42,0.10,337.50
528.92,528.92,528.92,0.10,337.50
615.21,615.21,615.21,0.10,337.50
1013.15,1013.15,1013.15,0.10,337.50
929.73,929.73,929.73,0.10,337.50
522.16,522.16,522.16,0.10,337.50
628.39,628.39,628.39,0.10,337.50
970.02,970.02,970.02,1.60,202.50
702.35,702.35,702.35,1.60,202.50
722.86,722.86,722.86,1.60,202.50
1141.27,1141.27,1141.27,1.60,202.50
826.25,826.25,826.25,1.60,202.50
868,868,868,1.60,202.50
1033.91,1033.91,1033.91,1.60,202.50
831.37,831.37,831.37,1.60,202.50
792.82,792.82,792.82,1.60,202.50
1218.58,1218.58,1218.58,1.60,202.50
893.24,893.24,893.24,0.10,202.50
645.51,645.51,645.51,0.10,202.50
1090.34,1090.34,1090.34,0.10,202.50
449.21,449.21,449.21,0.10,202.50
980.18,980.18,980.18,0.10,202.50
1000.91,1000.91,1000.91,0.10,202.50
698.71,698.71,698.71,0.10,202.50
690.16,690.16,690.16,0.10,202.50
1102.11,1102.11,1102.11,0.10,202.50
769,769,769,0.10,202.50
636.32,636.32,636.32,0.10,202.50
762.33,762.33,762.33,0.10,202.50
493.85,493.85,493.85,0.10,202.50
1082.29,1082.29,1082.29,0.10,202.50
570.61,570.61,570.61,0.10,202.50
896.86,896.86,896.86,0.10,202.50
796.67,796.67,796.67,0.10,202.50
168.97,168.97,168.97,0.10,202.50
118.75,118.75,118.75,0.10,202.50
334.14,334.14,334.14,0.10,202.50
190.33,190.33,190.33,0.10,157.50
276.24,276.24,276.24,0.10,157.50
68.37,68.37,68.37,0.10,157.50
269.7,269.7,269.7,0.10,157.50
285.81,285.81,285.81,0.10,157.50
263.52,263.52,263.52,0.10,157.50
398.19,398.19,398.19,0.10,157.50
333.03,333.03,333.03,0.10,157.50
201.07,201.07,201.07,0.10,157.50
217.64,217.64,217.64,0.10,157.50
173.28,173.28,173.28,0.10,157.50
128,128,128,0.10,157.50
131.03,131.03,131.03,0.10,157.50
366.11,366.11,366.11,0.10,157.50
105.49,105.49,105.49,0.10,157.50
141.08,141.08,141.08,0.10,157.50
91.33,91.33,91.33,0.10,157.50
448.81,448.81,448.81,0.10,157.50
796.74,796.74,796.74,0.10,157.50
542.43,542.43,542.43,0.10,157.50
957.31,957.31,957.31,0.10,202.50
426.73,426.73,426.73,0.10,202.50
542.97,542.97,542.97,0.10,202.50
161.69,161.69,161.69,0.10,202.50
286.85,286.85,286.85,0.10,202.50
199.48,199.48,199.48,0.10,202.50
303.17,303.17,303.17,0.10,202.50
354.92,354.92,354.92,0.10,202.50
87.42,87.42,87.42,0.10,202.50
117.25,117.25,117.25,0.10,202.50
360.56,360.56,360.56,0.10,180.00
222.22,222.22,222.22,0.10,180.00
223.68,223.68,223.68,0.10,180.00
241.17,241.17,241.17,0.10,180.00
515.18,515.18,515.18,0.10,180.00
458.03,458.03,458.03,0.10,180.00
27.53,27.53,27.53,0.10,180.00
411.13,411.13,411.13,0.10,180.00
158.22,158.22,158.22,0.10,180.00
1132.21,1132.21,1132.21,0.10,180.00
637.43,637.43,637.43,0.10,337.50
160.33,160.33,160.33,0.10,337.50
139.84,139.84,139.84,0.10,337.50
382.04,382.04,382.04,0.10,337.50
266.26,266.26,266.26,0.10,337.50
169.13,169.13,169.13,0.10,337.50
58.97,58.97,58.97,0.10,337.50
122.74,122.74,122.74,0.10,337.50
753.23,753.23,753.23,0.10,337.50
319.3,319.3,319.3,0.10,337.50
125.6,125.6,125.6,0.10,22.50
508.62,508.62,508.62,0.10,22.50
332.39,332.39,332.39,0.10,22.50
249.64,249.64,249.64,0.10,22.50
218.89,218.89,218.89,0.10,22.50
306.08,306.08,306.08,0.10,22.50
251.41,251.41,251.41,0.10,22.50
381.51,381.51,381.51,0.10,22.50
261.74,261.74,261.74,0.10,22.50
493.1,493.1,493.1,0.10,22.50
862.08,862.08,862.08,0.10,22.50
176.18,176.18,176.18,0.10,22.50
174.33,174.33,174.33,0.10,22.50
292.22,292.22,292.22,0.10,22.50
363.13,363.13,363.13,0.10,22.50
449.33,449.33,449.33,0.10,22.50
222.72,222.72,222.72,0.10,22.50
212.3,212.3,212.3,0.10,22.50
577.28,577.28,577.28,0.10,22.50
408.4,408.4,408.4,0.10,22.50
231.19,231.19,231.19,0.10,112.50
89.5,89.5,89.5,0.10,112.50
153.41,153.41,153.41,0.10,112.50
228.25,228.25,228.25,0.10,112.50
239.36,239.36,239.36,0.10,112.50
128.51,128.51,128.51,0.10,112.50
258.81,258.81,258.81,0.10,112.50
348.33,348.33,348.33,0.10,112.50
234.42,234.42,234.42,0.10,112.50
612.04,612.04,612.04,0.10,112.50
691.14,691.14,691.14,0.10,112.50
169.04,169.04,169.04,0.10,112.50
583.63,583.63,583.63,0.10,112.50
102.64,102.64,102.64,0.10,112.50
254.11,254.11,254.11,0.10,112.50
224.87,224.87,224.87,0.10,112.50
294.12,294.12,294.12,0.10,112.50
439.87,439.87,439.87,0.10,112.50
623.32,623.32,623.32,0.10,112.50
81.76,81.76,81.76,0.10,112.50
293.82,293.82,293.82,0.10,180.00
111.31,111.31,111.31,0.10,180.00
292.12,292.12,292.12,0.10,180.00
209.69,209.69,209.69,0.10,180.00
488.39,488.39,488.39,0.10,180.00
339.21,339.21,339.21,0.10,180.00
123.17,123.17,123.17,0.10,180.00
27.6,27.6,27.6,0.10,180.00
504.19,504.19,504.19,0.10,180.00
388.01,388.01,388.01,0.10,180.00
866.48,866.48,866.48,0.10,225.00
108.77,108.77,108.77,0.10,225.00
570.08,570.08,570.08,0.10,225.00
202.97,202.97,202.97,0.10,225.00
361.98,361.98,361.98,0.10,225.00
436.53,436.53,436.53,0.10,225.00
541.75,541.75,541.75,0.10,225.00
549.59,549.59,549.59,0.10,225.00
485.67,485.67,485.67,0.10,225.00
408.55,408.55,408.55,0.10,225.00
174.75,174.75,174.75,0.10,22.50
355.74,355.74,355.74,0.10,22.50
330.11,330.11,330.11,0.10,22.50
81.4,81.4,81.4,0.10,22.50
191.9,191.9,191.9,0.10,22.50
224.09,224.09,224.09,0.10,22.50
582.17,582.17,582.17,0.10,22.50
874.81,874.81,874.81,0.10,22.50
136.55,136.55,136.55,0.10,22.50
694.54,694.54,694.54,0.10,22.50
344.8,344.8,344.8,0.10,112.50
188.92,188.92,188.92,0.10,112.50
896.58,896.58,896.58,0.10,112.50
544.21,544.21,544.21,0.10,112.50
361.11,361.11,361.11,0.10,112.50
579.89,579.89,579.89,0.10,112.50
403.94,403.94,403.94,0.10,112.50
537.48,537.48,537.48,0.10,112.50
871.84,871.84,871.84,0.10,112.50
498,498,498,0.10,112.50
360.67,360.67,360.67,1.60,157.50
183.14,183.14,183.14,1.60,157.50
202.18,202.18,202.18,1.60,157.50
291.73,291.73,291.73,1.60,157.50
314.68,314.68,314.68,1.60,157.50
502.9,502.9,502.9,1.60,157.50
476.9,476.9,476.9,1.60,157.50
218.14,218.14,218.14,1.60,157.50
463.8,463.8,463.8,1.60,157.50
1203.02,1203.02,1203.02,1.60,157.50
881.94,881.94,881.94,0.10,225.00
542.19,542.19,542.19,0.10,225.00
253.01,253.01,253.01,0.10,225.00
429.64,429.64,429.64,0.10,225.00
762.25,762.25,762.25,0.10,225.00
499.65,499.65,499.65,0.10,225.00
200.79,200.79,200.79,0.10,225.00
429.46,429.46,429.46,0.10,225.00
199.89,199.89,199.89,0.10,225.00
356.75,356.75,356.75,0.10,225.00
254.14,254.14,254.14,3.20,337.50
232.16,232.16,232.16,3.20,337.50
125.83,125.83,125.83,3.20,337.50
222.2,222.2,222.2,3.20,337.50
169.07,169.07,169.07,3.20,337.50
240.65,240.65,240.65,3.20,337.50
60.57,60.57,60.57,3.20,337.50
579.11,579.11,579.11,3.20,337.50
138.04,138.04,138.04,3.20,337.50
350.25,350.25,350.25,3.20,337.50
420.74,420.74,420.74,0.10,0.00
29.39,29.39,29.39,0.10,0.00
292.53,292.53,292.53,0.10,0.00
0.62,0.62,0.62,0.10,0.00
258.96,258.96,258.96,0.10,0.00
74.76,74.76,74.76,0.10,0.00
589.14,589.14,589.14,0.10,0.00
299.52,299.52,299.52,0.10,0.00
322.85,322.85,322.85,0.10,0.00
317.41,317.41,317.41,0.10,0.00
395.21,395.21,395.21,1.60,337.50
54.29,54.29,54.29,1.60,337.50
382.58,382.58,382.58,1.60,337.50
135.04,135.04,135.04,1.60,337.50
182.5,182.5,182.5,1.60,337.50
253.91,253.91,253.91,1.60,337.50
350.89,350.89,350.89,1.60,337.50
105.03,105.03,105.03,1.60,337.50
237.43,237.43,237.43,1.60,337.50
697.13,697.13,697.13,1.60,337.50
937.97,937.97,937.97,0.10,157.50
81.17,81.17,81.17,0.10,157.50
87.91,87.91,87.91,0.10,157.50
199.03,199.03,199.03,0.10,157.50
118.21,118.21,118.21,0.10,157.50
437.56,437.56,437.56,0.10,157.50
103.18,103.18,103.18,0.10,157.50
395.77,395.77,395.77,0.10,157.50
405,405,405,0.10,157.50
81.56,81.56,81.56,0.10,157.50
380.13,380.13,380.13,0.10,157.50
160.02,160.02,160.02,0.10,157.50
222.76,222.76,222.76,0.10,157.50
14.51,14.51,14.51,0.10,157.50
74.52,74.52,74.52,0.10,157.50
415.31,415.31,415.31,0.10,157.50
187.97,187.97,187.97,0.10,157.50
406.16,406.16,406.16,0.10,157.50
266.25,266.25,266.25,0.10,157.50
914.7,914.7,914.7,0.10,157.50
1202.46,1202.46,1202.46,0.10,157.50
192.99,192.99,192.99,0.10,157.50
142.59,142.59,142.59,0.10,157.50
153.96,153.96,153.96,0.10,157.50
227.35,227.35,227.35,0.10,157.50
167.14,167.14,167.14,0.10,157.50
298.12,298.12,298.12,0.10,157.50
659.14,659.14,659.14,0.10,157.50
443.31,443.31,443.31,0.10,157.50
357.79,357.79,357.79,0.10,157.50
237.02,237.02,237.02,0.10,337.50
76.96,76.96,76.96,0.10,337.50
62.06,62.06,62.06,0.10,337.50
523.9,523.9,523.9,0.10,337.50
492,492,492,0.10,337.50
183.01,183.01,183.01,0.10,337.50
215.19,215.19,215.19,0.10,337.50
533.34,533.34,533.34,0.10,337.50
519.42,519.42,519.42,0.10,337.50
1041.65,1041.65,1041.65,0.10,337.50
999.61,999.61,999.61,0.10,270.00
305.07,305.07,305.07,0.10,270.00
175.21,175.21,175.21,0.10,270.00
156.9,156.9,156.9,0.10,270.00
168.17,168.17,168.17,0.10,270.00
455.11,455.11,455.11,0.10,270.00
352.21,352.21,352.21,0.10,270.00
342.38,342.38,342.38,0.10,270.00
174.98,174.98,174.98,0.10,270.00
148.13,148.13,148.13,0.10,270.00
340.14,340.14,340.14,0.10,0.00
316.02,316.02,316.02,0.10,0.00
23.35,23.35,23.35,0.10,0.00
316.85,316.85,316.85,0.10,0.00
410.6,410.6,410.6,0.10,0.00
289.79,289.79,289.79,0.10,0.00
97.12,97.12,97.12,0.10,0.00
329.98,329.98,329.98,0.10,0.00
170.27,170.27,170.27,0.10,0.00
510.01,510.01,510.01,0.10,0.00
617.98,617.98,617.98,0.10,337.50
290.09,290.09,290.09,0.10,337.50
140.03,140.03,140.03,0.10,337.50
201.53,201.53,201.53,0.10,337.50
138.52,138.52,138.52,0.10,337.50
126.98,126.98,126.98,0.10,337.50
46.82,46.82,46.82,0.10,337.50
282.18,282.18,282.18,0.10,337.50
191.82,191.82,191.82,0.10,337.50
503.44,503.44,503.44,0.10,337.50
178.84,178.84,178.84,0.10,337.50
504.98,504.98,504.98,0.10,337.50
243.31,243.31,243.31,0.10,337.50
109.89,109.89,109.89,0.10,337.50
284.04,284.04,284.04,0.10,337.50
248.4,248.4,248.4,0.10,337.50
174.77,174.77,174.77,0.10,337.50
227.13,227.13,227.13,0.10,337.50
144.96,144.96,144.96,0.10,337.50
459.11,459.11,459.11,0.10,337.50
670.33,670.33,670.33,0.10,337.50
81.66,81.66,81.66,0.10,337.50
532.88,532.88,532.88,0.10,337.50
171.29,171.29,171.29,0.10,337.50
496.31,496.31,496.31,0.10,337.50
466.85,466.85,466.85,0.10,337.50
144.65,144.65,144.65,0.10,337.50
146.44,146.44,146.44,0.10,337.50
256.74,256.74,256.74,0.10,337.50
168.35,168.35,168.35,0.10,337.50
292.23,292.23,292.23,0.10,270.00
143.07,143.07,143.07,0.10,270.00
281.67,281.67,281.67,0.10,270.00
169.92,169.92,169.92,0.10,270.00
87.68,87.68,87.68,0.10,270.00
99.63,99.63,99.63,0.10,270.00
133.93,133.93,133.93,0.10,270.00
223.5,223.5,223.5,0.10,270.00
387.43,387.43,387.43,0.10,270.00
296.95,296.95,296.95,0.10,270.00
953.71,953.71,953.71,0.10,270.00
166.29,166.29,166.29,0.10,270.00
239.01,239.01,239.01,0.10,270.00
157.25,157.25,157.25,0.10,270.00
247.18,247.18,247.18,0.10,270.00
102.97,102.97,102.97,0.10,270.00
152.39,152.39,152.39,0.10,270.00
227.01,227.01,227.01,0.10,270.00
200.55,200.55,200.55,0.10,270.00
433.5,433.5,433.5,0.10,270.00
117.1,117.1,117.1,0.10,157.50
540.46,540.46,540.46,0.10,157.50
113.97,113.97,113.97,0.10,157.50
399.84,399.84,399.84,0.10,157.50
163.2,163.2,163.2,0.10,157.50
136.88,136.88,136.88,0.10,157.50
67.47,67.47,67.47,0.10,157.50
151.66,151.66,151.66,0.10,157.50
613.14,613.14,613.14,0.10,157.50
661.03,661.03,661.03,0.10,157.50
1079.87,1079.87,1079.87,0.10,157.50
317.17,317.17,317.17,0.10,157.50
101.64,101.64,101.64,0.10,157.50
134.03,134.03,134.03,0.10,157.50
403.86,403.86,403.86,0.10,157.50
254.34,254.34,254.34,0.10,157.50
291.81,291.81,291.81,0.10,157.50
348.52,348.52,348.52,0.10,157.50
110.39,110.39,110.39,0.10,157.50
138.76,138.76,138.76,0.10,157.50
728.55,728.55,728.55,0.10,157.50
304.14,304.14,304.14,0.10,157.50
319.95,319.95,319.95,0.10,157.50
109.24,109.24,109.24,0.10,157.50
449.28,449.28,449.28,0.10,157.50
274.22,274.22,274.22,0.10,157.50
71.24,71.24,71.24,0.10,157.50
125.8,125.8,125.8,0.10,157.50
194.24,194.24,194.24,0.10,157.50
608.41,608.41,608.41,0.10,157.50
907.01,907.01,907.01,0.10,157.50
92.47,92.47,92.47,0.10,157.50
0.62,0.62,0.62,0.10,157.50
421.95,421.95,421.95,0.10,157.50
337.17,337.17,337.17,0.10,157.50
15.76,15.76,15.76,0.10,157.50
429.99,429.99,429.99,0.10,157.50
530.57,530.57,530.57,0.10,157.50
234.03,234.03,234.03,0.10,157.50
80.72,80.72,80.72,0.10,157.50
230.09,230.09,230.09,3.20,337.50
84.96,84.96,84.96,3.20,337.50
561.64,561.64,561.64,3.20,337.50
254,254,254,3.20,337.50
439.48,439.48,439.48,3.20,337.50
414.63,414.63,414.63,3.20,337.50
663.59,663.59,663.59,3.20,337.50
376.18,376.18,376.18,3.20,337.50
226.49,226.49,226.49,3.20,337.50
381.69,381.69,381.69,3.20,337.50
1375.81,1375.81,1375.81,0.10,270.00
719.07,719.07,719.07,0.10,270.00
157.6,157.6,157.6,0.10,270.00
213.44,213.44,213.44,0.10,270.00
248.27,248.27,248.27,0.10,270.00
122.61,122.61,122.61,0.10,270.00
184.1,184.1,184.1,0.10,270.00
421.82,421.82,421.82,0.10,270.00
346.26,346.26,346.26,0.10,270.00
177.1,177.1,177.1,0.10,270.00
55.21,55.21,55.21,0.10,270.00
234.32,234.32,234.32,0.10,270.00
134.23,134.23,134.23,0.10,270.00
498.3,498.3,498.3,0.10,270.00
110.44,110.44,110.44,0.10,270.00
294.87,294.87,294.87,0.10,270.00
257.14,257.14,257.14,0.10,270.00
595.35,595.35,595.35,0.10,270.00
265.44,265.44,265.44,0.10,270.00
262.6,262.6,262.6,0.10,270.00
778.57,778.57,778.57,0.10,180.00
110.39,110.39,110.39,0.10,180.00
109.82,109.82,109.82,0.10,180.00
463.96,463.96,463.96,0.10,180.00
159.15,159.15,159.15,0.10,180.00
453.11,453.11,453.11,0.10,180.00
323.43,323.43,323.43,0.10,180.00
251.33,251.33,251.33,0.10,180.00
257.52,257.52,257.52,0.10,180.00
394.55,394.55,394.55,0.10,180.00
421.08,421.08,421.08,0.10,22.50
21.96,21.96,21.96,0.10,22.50
149.43,149.43,149.43,0.10,22.50
48.01,48.01,48.01,0.10,22.50
380.21,380.21,380.21,0.10,22.50
81.23,81.23,81.23,0.10,22.50
74.26,74.26,74.26,0.10,22.50
298.31,298.31,298.31,0.10,22.50
201.65,201.65,201.65,0.10,22.50
261.51,261.51,261.51,0.10,22.50
759.2,759.2,759.2,0.10,0.00
17.26,17.26,17.26,0.10,0.00
345.05,345.05,345.05,0.10,0.00
161.94,161.94,161.94,0.10,0.00
109.24,109.24,109.24,0.10,0.00
279.96,279.96,279.96,0.10,0.00
10.92,10.92,10.92,0.10,0.00
219.62,219.62,219.62,0.10,0.00
42.65,42.65,42.65,0.10,0.00
119.03,119.03,119.03,0.10,0.00
136.29,136.29,136.29,0.10,337.50
335.23,335.23,335.23,0.10,337.50
365.01,365.01,365.01,0.10,337.50
363.87,363.87,363.87,0.10,337.50
71.17,71.17,71.17,0.10,337.50
403.62,403.62,403.62,0.10,337.50
66.9,66.9,66.9,0.10,337.50
432.41,432.41,432.41,0.10,337.50
92.89,92.89,92.89,0.10,337.50
315.5,315.5,315.5,0.10,337.50
1112.13,1112.13,1112.13,0.10,337.50
175.08,175.08,175.08,0.10,337.50
122.67,122.67,122.67,0.10,337.50
185.12,185.12,185.12,0.10,337.50
350.98,350.98,350.98,0.10,337.50
142.33,142.33,142.33,0.10,337.50
120.81,120.81,120.81,0.10,337.50
186.18,186.18,186.18,0.10,337.50
196.92,196.92,196.92,0.10,337.50
50.32,50.32,50.32,0.10,337.50
17.25,17.25,17.25,0.10,337.50
84.77,84.77,84.77,0.10,337.50
598.21,598.21,598.21,0.10,337.50
195.9,195.9,195.9,0.10,337.50
98.92,98.92,98.92,0.10,337.50
66.82,66.82,66.82,0.10,337.50
159.56,159.56,159.56,0.10,337.50
216.75,216.75,216.75,0.10,337.50
155.32,155.32,155.32,0.10,337.50
74.62,74.62,74.62,0.10,337.50
740.35,740.35,740.35,0.10,337.50
573.17,573.17,573.17,0.10,337.50
4.99,4.99,4.99,0.10,337.50
255.32,255.32,255.32,0.10,337.50
313.18,313.18,313.18,0.10,337.50
405.46,405.46,405.46,0.10,337.50
386.36,386.36,386.36,0.10,337.50
164.14,164.14,164.14,0.10,337.50
117.82,117.82,117.82,0.10,337.50
36.68,36.68,36.68,0.10,337.50
39.18,39.18,39.18,0.10,337.50
220.62,220.62,220.62,0.10,337.50
160.81,160.81,160.81,0.10,337.50
461.26,461.26,461.26,0.10,337.50
112.32,112.32,112.32,0.10,337.50
35.52,35.52,35.52,0.10,337.50
255.8,255.8,255.8,0.10,337.50
157.54,157.54,157.54,0.10,337.50
453.43,453.43,453.43,0.10,337.50
157.12,157.12,157.12,0.10,337.50
864.81,864.81,864.81,0.10,337.50
181.99,181.99,181.99,0.10,337.50
56.74,56.74,56.74,0.10,337.50
203.79,203.79,203.79,0.10,337.50
155.1,155.1,155.1,0.10,337.50
49.98,49.98,49.98,0.10,337.50
179.84,179.84,179.84,0.10,337.50
141.3,141.3,141.3,0.10,337.50
248,248,248,0.10,337.50
193.34,193.34,193.34,0.10,337.50
245.01,245.01,245.01,0.10,337.50
62.11,62.11,62.11,0.10,337.50
55.72,55.72,55.72,0.10,337.50
84.13,84.13,84.13,0.10,337.50
241.9,241.9,241.9,0.10,337.50
240.21,240.21,240.21,0.10,337.50
65.65,65.65,65.65,0.10,337.50
253.99,253.99,253.99,0.10,337.50
253.68,253.68,253.68,0.10,337.50
169.77,169.77,169.77,0.10,337.50
982.65,982.65,982.65,0.10,337.50
504.05,504.05,504.05,0.10,337.50
220.59,220.59,220.59,0.10,337.50
467.71,467.71,467.71,0.10,337.50
281.33,281.33,281.33,0.10,337.50
237.97,237.97,237.97,0.10,337.50
245.77,245.77,245.77,0.10,337.50
268.11,268.11,268.11,0.10,337.50
251.07,251.07,251.07,0.10,337.50
205.83,205.83,205.83,0.10,337.50
84.68,84.68,84.68,0.10,337.50
148.67,148.67,148.67,0.10,337.50
294.52,294.52,294.52,0.10,337.50
29.19,29.19,29.19,0.10,337.50
128.85,128.85,128.85,0.10,337.50
348.11,348.11,348.11,0.10,337.50
906.45,906.45,906.45,0.10,337.50
134.64,134.64,134.64,0.10,337.50
133.83,133.83,133.83,0.10,337.50
539.67,539.67,539.67,0.10,337.50
791.2,791.2,791.2,0.10,337.50
326.4,326.4,326.4,0.10,337.50
180.82,180.82,180.82,0.10,337.50
23.93,23.93,23.93,0.10,337.50
165.2,165.2,165.2,0.10,337.50
229.14,229.14,229.14,0.10,337.50
118.5,118.5,118.5,0.10,337.50
547.15,547.15,547.15,0.10,337.50
259.19,259.19,259.19,0.10,337.50
269.38,269.38,269.38,0.10,337.50
225.1,225.1,225.1,0.10,202.50
208.47,208.47,208.47,0.10,202.50
110.26,110.26,110.26,0.10,202.50
168.79,168.79,168.79,0.10,202.50
202.82,202.82,202.82,0.10,202.50
218.54,218.54,218.54,0.10,202.50
172.93,172.93,172.93,0.10,202.50
364.67,364.67,364.67,0.10,202.50
116.82,116.82,116.82,0.10,202.50
277.01,277.01,277.01,0.10,202.50
777.51,777.51,777.51,1.60,180.00
262.95,262.95,262.95,1.60,180.00
5.46,5.46,5.46,1.60,180.00
208.04,208.04,208.04,1.60,180.00
135.32,135.32,135.32,1.60,180.00
285.81,285.81,285.81,1.60,180.00
230.35,230.35,230.35,1.60,180.00
180,180,180,1.60,180.00
119.81,119.81,119.81,1.60,180.00
68.96,68.96,68.96,1.60,180.00
312.58,312.58,312.58,1.60,202.50
103.15,103.15,103.15,1.60,202.50
83.78,83.78,83.78,1.60,202.50
33.19,33.19,33.19,1.60,202.50
216.2,216.2,216.2,1.60,202.50
207.66,207.66,207.66,1.60,202.50
100.92,100.92,100.92,1.60,202.50
62.32,62.32,62.32,1.60,202.50
249.12,249.12,249.12,1.60,202.50
445.29,445.29,445.29,1.60,202.50
1124.87,1124.87,1124.87,0.10,202.50
321,321,321,0.10,202.50
344.15,344.15,344.15,0.10,202.50
202.65,202.65,202.65,0.10,202.50
76.51,76.51,76.51,0.10,202.50
311.81,311.81,311.81,0.10,202.50
146.25,146.25,146.25,0.10,202.50
320.76,320.76,320.76,0.10,202.50
307.63,307.63,307.63,0.10,202.50
438.66,438.66,438.66,0.10,202.50
415.44,415.44,415.44,0.10,180.00
408,408,408,0.10,180.00
137.41,137.41,137.41,0.10,180.00
262.71,262.71,262.71,0.10,180.00
64.24,64.24,64.24,0.10,180.00
437.12,437.12,437.12,0.10,180.00
319.46,319.46,319.46,0.10,180.00
64.61,64.61,64.61,0.10,180.00
253.24,253.24,253.24,0.10,180.00
628.01,628.01,628.01,0.10,180.00
817.17,817.17,817.17,0.10,180.00
123.56,123.56,123.56,0.10,180.00
115.03,115.03,115.03,0.10,180.00
138.37,138.37,138.37,0.10,180.00
36.96,36.96,36.96,0.10,180.00
53.53,53.53,53.53,0.10,180.00
92.72,92.72,92.72,0.10,180.00
111.31,111.31,111.31,0.10,180.00
241.14,241.14,241.14,0.10,180.00
137.34,137.34,137.34,0.10,180.00
34.28,34.28,34.28,0.10,270.00
71.32,71.32,71.32,0.10,270.00
467.23,467.23,467.23,0.10,270.00
159.81,159.81,159.81,0.10,270.00
21.09,21.09,21.09,0.10,270.00
0.62,0.62,0.62,0.10,270.00
321.94,321.94,321.94,0.10,270.00
96.83,96.83,96.83,0.10,270.00
44.35,44.35,44.35,0.10,270.00
169.57,169.57,169.57,0.10,270.00
1288.74,1288.74,1288.74,0.10,22.50
322.54,322.54,322.54,0.10,22.50
198.86,198.86,198.86,0.10,22.50
169.45,169.45,169.45,0.10,22.50
82.09,82.09,82.09,0.10,22.50
190.22,190.22,190.22,0.10,22.50
132.59,132.59,132.59,0.10,22.50
238.56,238.56,238.56,0.10,22.50
292.33,292.33,292.33,0.10,22.50
348.13,348.13,348.13,0.10,22.50
46.37,46.37,46.37,0.10,22.50
179.15,179.15,179.15,0.10,22.50
445.69,445.69,445.69,0.10,22.50
222.79,222.79,222.79,0.10,22.50
113.05,113.05,113.05,0.10,22.50
199.72,199.72,199.72,0.10,22.50
151.14,151.14,151.14,0.10,22.50
89.36,89.36,89.36,0.10,22.50
311.85,311.85,311.85,0.10,22.50
201.37,201.37,201.37,0.10,22.50
1100.82,1100.82,1100.82,0.10,22.50
270.22,270.22,270.22,0.10,22.50
339.12,339.12,339.12,0.10,22.50
588.73,588.73,588.73,0.10,22.50
95.28,95.28,95.28,0.10,22.50
299.85,299.85,299.85,0.10,22.50
185.29,185.29,185.29,0.10,22.50
343.22,343.22,343.22,0.10,22.50
298.52,298.52,298.52,0.10,22.50
249.66,249.66,249.66,0.10,22.50
403.92,403.92,403.92,0.10,337.50
528.1,528.1,528.1,0.10,337.50
884.95,884.95,884.95,0.10,337.50
213.77,213.77,213.77,0.10,337.50
0.62,0.62,0.62,0.10,337.50
156.01,156.01,156.01,0.10,337.50
122.91,122.91,122.91,0.10,337.50
154.49,154.49,154.49,0.10,337.50
273.01,273.01,273.01,0.10,337.50
548.74,548.74,548.74,0.10,337.50
760.2,760.2,760.2,0.10,0.00
287.64,287.64,287.64,0.10,0.00
190.4,190.4,190.4,0.10,0.00
305.76,305.76,305.76,0.10,0.00
44.66,44.66,44.66,0.10,0.00
405.58,405.58,405.58,0.10,0.00
53.09,53.09,53.09,0.10,0.00
246.95,246.95,246.95,0.10,0.00
41.62,41.62,41.62,0.10,0.00
229.05,229.05,229.05,0.10,0.00
174.2,174.2,174.2,0.10,22.50
214.26,214.26,214.26,0.10,22.50
394.44,394.44,394.44,0.10,22.50
540.17,540.17,540.17,0.10,22.50
647.88,647.88,647.88,0.10,22.50
1966.23,1966.23,1966.23,0.10,22.50
2517.87,2517.87,2517.87,0.10,22.50
1813,1813,1813,0.10,22.50
1055.47,1055.47,1055.47,0.10,22.50
815.74,815.74,815.74,0.10,22.50
1639.56,1639.56,1639.56,0.10,337.50
1394.86,1394.86,1394.86,0.10,337.50
1456.54,1456.54,1456.54,0.10,337.50
793.19,793.19,793.19,0.10,337.50
507.35,507.35,507.35,0.10,337.50
320.83,320.83,320.83,0.10,337.50
276.89,276.89,276.89,0.10,337.50
386.55,386.55,386.55,0.10,337.50
54.48,54.48,54.48,0.10,337.50
409.27,409.27,409.27,0.10,337.50
251.82,251.82,251.82,0.10,315.00
120.31,120.31,120.31,0.10,315.00
179.85,179.85,179.85,0.10,315.00
162.34,162.34,162.34,0.10,315.00
85.34,85.34,85.34,0.10,315.00
89.44,89.44,89.44,0.10,315.00
86.89,86.89,86.89,0.10,315.00
442.59,442.59,442.59,0.10,315.00
447.82,447.82,447.82,0.10,315.00
253.07,253.07,253.07,0.10,315.00
669.32,669.32,669.32,0.10,180.00
809.69,809.69,809.69,0.10,180.00
262.61,262.61,262.61,0.10,180.00
192.47,192.47,192.47,0.10,180.00
359.38,359.38,359.38,0.10,180.00
462.43,462.43,462.43,0.10,180.00
174.82,174.82,174.82,0.10,180.00
234.71,234.71,234.71,0.10,180.00
124.98,124.98,124.98,0.10,180.00
322.19,322.19,322.19,0.10,180.00
241.47,241.47,241.47,1.60,180.00
48.58,48.58,48.58,1.60,180.00
63,63,63,1.60,180.00
149.05,149.05,149.05,1.60,180.00
288.24,288.24,288.24,1.60,180.00
572.85,572.85,572.85,1.60,180.00
171.28,171.28,171.28,1.60,180.00
371.9,371.9,371.9,1.60,180.00
293.61,293.61,293.61,1.60,180.00
32.75,32.75,32.75,1.60,180.00
1065.7,1065.7,1065.7,0.10,180.00
472.82,472.82,472.82,0.10,180.00
166.47,166.47,166.47,0.10,180.00
382.69,382.69,382.69,0.10,180.00
403.97,403.97,403.97,0.10,180.00
292.17,292.17,292.17,0.10,180.00
254.36,254.36,254.36,0.10,180.00
118.03,118.03,118.03,0.10,180.00
219.59,219.59,219.59,0.10,180.00
42.18,42.18,42.18,0.10,180.00
190.08,190.08,190.08,4.80,180.00
458.09,458.09,458.09,4.80,180.00
201.9,201.9,201.9,4.80,180.00
154.94,154.94,154.94,4.80,180.00
13.24,13.24,13.24,4.80,180.00
576.56,576.56,576.56,4.80,180.00
301.4,301.4,301.4,4.80,180.00
74.28,74.28,74.28,4.80,180.00
0.62,0.62,0.62,4.80,180.00
163.23,163.23,163.23,4.80,180.00
853.3,853.3,853.3,3.20,202.50
277.35,277.35,277.35,3.20,202.50
139.85,139.85,139.85,3.20,202.50
71.96,71.96,71.96,3.20,202.50
261.52,261.52,261.52,3.20,202.50
44.53,44.53,44.53,3.20,202.50
85.43,85.43,85.43,3.20,202.50
196.34,196.34,196.34,3.20,202.50
67.37,67.37,67.37,3.20,202.50
218.54,218.54,218.54,3.20,202.50
75.93,75.93,75.93,0.10,90.00
6.57,6.57,6.57,0.10,90.00
272.32,272.32,272.32,0.10,90.00
89.74,89.74,89.74,0.10,90.00
352.16,352.16,352.16,0.10,90.00
59.9,59.9,59.9,0.10,90.00
222.99,222.99,222.99,0.10,90.00
88.07,88.07,88.07,0.10,90.00
48.54,48.54,48.54,0.10,90.00
146.19,146.19,146.19,0.10,90.00
486.19,486.19,486.19,1.60,337.50
557.42,557.42,557.42,1.60,337.50
338.89,338.89,338.89,1.60,337.50
157,157,157,1.60,337.50
364.19,364.19,364.19,1.60,337.50
482.28,482.28,482.28,1.60,337.50
256.15,256.15,256.15,1.60,337.50
187.96,187.96,187.96,1.60,337.50
409.51,409.51,409.51,1.60,337.50
161.5,161.5,161.5,1.60,337.50
656.15,656.15,656.15,0.10,337.50
115.74,115.74,115.74,0.10,337.50
196.09,196.09,196.09,0.10,337.50
232.09,232.09,232.09,0.10,337.50
226.11,226.11,226.11,0.10,337.50
0.62,0.62,0.62,0.10,337.50
317.9,317.9,317.9,0.10,337.50
184.34,184.34,184.34,0.10,337.50
445.79,445.79,445.79,0.10,337.50
121.47,121.47,121.47,0.10,337.50
727.74,727.74,727.74,0.10,22.50
569.85,569.85,569.85,0.10,22.50
333.86,333.86,333.86,0.10,22.50
127.03,127.03,127.03,0.10,22.50
38.21,38.21,38.21,0.10,22.50
133.77,133.77,133.77,0.10,22.50
403.24,403.24,403.24,0.10,22.50
255.18,255.18,255.18,0.10,22.50
290.44,290.44,290.44,0.10,22.50
556.7,556.7,556.7,0.10,22.50
1070.42,1070.42,1070.42,0.10,292.50
718.56,718.56,718.56,0.10,292.50
334.47,334.47,334.47,0.10,292.50
682.92,682.92,682.92,0.10,292.50
679.79,679.79,679.79,0.10,292.50
740.1,740.1,740.1,0.10,292.50
689.79,689.79,689.79,0.10,292.50
725.05,725.05,725.05,0.10,292.50
1103.62,1103.62,1103.62,0.10,292.50
628.3,628.3,628.3,0.10,292.50
1088.05,1088.05,1088.05,0.10,292.50
811.03,811.03,811.03,0.10,292.50
433.76,433.76,433.76,0.10,292.50
420.05,420.05,420.05,0.10,292.50
342.2,342.2,342.2,0.10,292.50
37.64,37.64,37.64,0.10,292.50
214.59,214.59,214.59,0.10,292.50
123.67,123.67,123.67,0.10,292.50
249.01,249.01,249.01,0.10,292.50
141.97,141.97,141.97,0.10,292.50
42.22,42.22,42.22,0.10,315.00
574.86,574.86,574.86,0.10,315.00
298,298,298,0.10,315.00
240.4,240.4,240.4,0.10,315.00
279.64,279.64,279.64,0.10,315.00
406.84,406.84,406.84,0.10,315.00
361.48,361.48,361.48,0.10,315.00
42.29,42.29,42.29,0.10,315.00
439.72,439.72,439.72,0.10,315.00
264.47,264.47,264.47,0.10,315.00
798.17,798.17,798.17,0.10,247.50
532.23,532.23,532.23,0.10,247.50
247.95,247.95,247.95,0.10,247.50
641.08,641.08,641.08,0.10,247.50
283.68,283.68,283.68,0.10,247.50
346.36,346.36,346.36,0.10,247.50
197.35,197.35,197.35,0.10,247.50
101.2,101.2,101.2,0.10,247.50
235.81,235.81,235.81,0.10,247.50
261.87,261.87,261.87,0.10,247.50
176.68,176.68,176.68,1.60,292.50
343.26,343.26,343.26,1.60,292.50
99.45,99.45,99.45,1.60,292.50
279.54,279.54,279.54,1.60,292.50
326.84,326.84,326.84,1.60,292.50
211.31,211.31,211.31,1.60,292.50
81.92,81.92,81.92,1.60,292.50
367.56,367.56,367.56,1.60,292.50
258.89,258.89,258.89,1.60,292.50
150.01,150.01,150.01,1.60,292.50
346.9,346.9,346.9,0.10,247.50
601.87,601.87,601.87,0.10,247.50
342.07,342.07,342.07,0.10,247.50
243.21,243.21,243.21,0.10,247.50
263.12,263.12,263.12,0.10,247.50
320.26,320.26,320.26,0.10,247.50
379.37,379.37,379.37,0.10,247.50
393.16,393.16,393.16,0.10,247.50
195.44,195.44,195.44,0.10,247.50
89.27,89.27,89.27,0.10,247.50
197.05,197.05,197.05,0.10,202.50
126.75,126.75,126.75,0.10,202.50
76.64,76.64,76.64,0.10,202.50
78.02,78.02,78.02,0.10,202.50
235.12,235.12,235.12,0.10,202.50
140.6,140.6,140.6,0.10,202.50
460.34,460.34,460.34,0.10,202.50
236.37,236.37,236.37,0.10,202.50
555.72,555.72,555.72,0.10,202.50
468.25,468.25,468.25,0.10,202.50
655.55,655.55,655.55,0.10,225.00
993.32,993.32,993.32,0.10,225.00
257.6,257.6,257.6,0.10,225.00
372.02,372.02,372.02,0.10,225.00
137.53,137.53,137.53,0.10,225.00
396.6,396.6,396.6,0.10,225.00
174.57,174.57,174.57,0.10,225.00
354.84,354.84,354.84,0.10,225.00
158.61,158.61,158.61,0.10,225.00
75.62,75.62,75.62,0.10,225.00
57.89,57.89,57.89,0.10,202.50
160.76,160.76,160.76,0.10,202.50
467.96,467.96,467.96,0.10,202.50
42.81,42.81,42.81,0.10,202.50
231.08,231.08,231.08,0.10,202.50
431.98,431.98,431.98,0.10,202.50
192.5,192.5,192.5,0.10,202.50
153.5,153.5,153.5,0.10,202.50
352.06,352.06,352.06,0.10,202.50
294.34,294.34,294.34,0.10,202.50
694.24,694.24,694.24,3.20,180.00
832.34,832.34,832.34,3.20,180.00
421.35,421.35,421.35,3.20,180.00
367.24,367.24,367.24,3.20,180.00
427.83,427.83,427.83,3.20,180.00
246.6,246.6,246.6,3.20,180.00
171.62,171.62,171.62,3.20,180.00
351.5,351.5,351.5,3.20,180.00
569.73,569.73,569.73,3.20,180.00
26.8,26.8,26.8,3.20,180.00
145.22,145.22,145.22,3.20,202.50
281.69,281.69,281.69,3.20,202.50
411.4,411.4,411.4,3.20,202.50
689.52,689.52,689.52,3.20,202.50
392.15,392.15,392.15,3.20,202.50
150.66,150.66,150.66,3.20,202.50
15.54,15.54,15.54,3.20,202.50
518.11,518.11,518.11,3.20,202.50
28.99,28.99,28.99,3.20,202.50
11.46,11.46,11.46,3.20,202.50
231.72,231.72,231.72,3.20,202.50
1487.06,1487.06,1487.06,3.20,202.50
238.47,238.47,238.47,3.20,202.50
145.27,145.27,145.27,3.20,202.50
232.92,232.92,232.92,3.20,202.50
412.62,412.62,412.62,3.20,202.50
470.45,470.45,470.45,3.20,202.50
182.98,182.98,182.98,3.20,202.50
146.19,146.19,146.19,3.20,202.50
84.47,84.47,84.47,3.20,202.50
270.57,270.57,270.57,1.60,180.00
132.04,132.04,132.04,1.60,180.00
73.33,73.33,73.33,1.60,180.00
160.23,160.23,160.23,1.60,180.00
448.1,448.1,448.1,1.60,180.00
213.44,213.44,213.44,1.60,180.00
66.75,66.75,66.75,1.60,180.00
438.84,438.84,438.84,1.60,180.00
282.53,282.53,282.53,1.60,180.00
173.97,173.97,173.97,1.60,180.00
387.48,387.48,387.48,0.10,112.50
1117.15,1117.15,1117.15,0.10,112.50
562.87,562.87,562.87,0.10,112.50
151.75,151.75,151.75,0.10,112.50
183.8,183.8,183.8,0.10,112.50
180.34,180.34,180.34,0.10,112.50
181.15,181.15,181.15,0.10,112.50
425.86,425.86,425.86,0.10,112.50
383.14,383.14,383.14,0.10,112.50
540.16,540.16,540.16,0.10,112.50
93.04,93.04,93.04,0.10,157.50
633.9,633.9,633.9,0.10,157.50
398.34,398.34,398.34,0.10,157.50
202.44,202.44,202.44,0.10,157.50
168.98,168.98,168.98,0.10,157.50
201.35,201.35,201.35,0.10,157.50
102.77,102.77,102.77,0.10,157.50
231.24,231.24,231.24,0.10,157.50
291.89,291.89,291.89,0.10,157.50
290.86,290.86,290.86,0.10,157.50
271.23,271.23,271.23,0.10,157.50
889.65,889.65,889.65,0.10,157.50
292.71,292.71,292.71,0.10,157.50
147.34,147.34,147.34,0.10,157.50
499.61,499.61,499.61,0.10,157.50
62.42,62.42,62.42,0.10,157.50
176.68,176.68,176.68,0.10,157.50
374.93,374.93,374.93,0.10,157.50
232.18,232.18,232.18,0.10,157.50
37.22,37.22,37.22,0.10,157.50
316.47,316.47,316.47,0.10,157.50
131.11,131.11,131.11,0.10,157.50
335.54,335.54,335.54,0.10,157.50
115.63,115.63,115.63,0.10,157.50
79.92,79.92,79.92,0.10,157.50
143.56,143.56,143.56,0.10,157.50
388.45,388.45,388.45,0.10,157.50
211.79,211.79,211.79,0.10,157.50
290.16,290.16,290.16,0.10,157.50
258.17,258.17,258.17,0.10,157.50
809.23,809.23,809.23,0.10,157.50
789.9,789.9,789.9,0.10,157.50
224.15,224.15,224.15,0.10,157.50
530.1,530.1,530.1,0.10,157.50
395.33,395.33,395.33,0.10,157.50
571.94,571.94,571.94,0.10,157.50
303.48,303.48,303.48,0.10,157.50
233.39,233.39,233.39,0.10,157.50
173.49,173.49,173.49,0.10,157.50
371.19,371.19,371.19,0.10,157.50
265.13,265.13,265.13,0.10,157.50
264.01,264.01,264.01,0.10,157.50
402.57,402.57,402.57,0.10,157.50
971.38,971.38,971.38,0.10,157.50
320.3,320.3,320.3,0.10,157.50
295.75,295.75,295.75,0.10,157.50
251.59,251.59,251.59,0.10,157.50
226.41,226.41,226.41,0.10,157.50
274.52,274.52,274.52,0.10,157.50
175.56,175.56,175.56,0.10,157.50
301.16,301.16,301.16,0.10,157.50
1167.74,1167.74,1167.74,0.10,157.50
284.92,284.92,284.92,0.10,157.50
114.55,114.55,114.55,0.10,157.50
158.99,158.99,158.99,0.10,157.50
158.67,158.67,158.67,0.10,157.50
281.15,281.15,281.15,0.10,157.50
244.25,244.25,244.25,0.10,157.50
115.24,115.24,115.24,0.10,157.50
39.55,39.55,39.55,0.10,157.50
64.22,64.22,64.22,0.10,157.50
253.1,253.1,253.1,0.10,157.50
58.71,58.71,58.71,0.10,157.50
137.9,137.9,137.9,0.10,157.50
283.31,283.31,283.31,0.10,157.50
75.76,75.76,75.76,0.10,157.50
231.36,231.36,231.36,0.10,157.50
102.99,102.99,102.99,0.10,157.50
230.88,230.88,230.88,0.10,157.50
289.31,289.31,289.31,0.10,157.50
508.37,508.37,508.37,0.10,112.50
1188.84,1188.84,1188.84,0.10,112.50
285.86,285.86,285.86,0.10,112.50
476.24,476.24,476.24,0.10,112.50
243.83,243.83,243.83,0.10,112.50
524.27,524.27,524.27,0.10,112.50
164.73,164.73,164.73,0.10,112.50
616.04,616.04,616.04,0.10,112.50
360.55,360.55,360.55,0.10,112.50
586.77,586.77,586.77,0.10,112.50
132.26,132.26,132.26,0.10,247.50
423.91,423.91,423.91,0.10,247.50
248.48,248.48,248.48,0.10,247.50
22.85,22.85,22.85,0.10,247.50
292.61,292.61,292.61,0.10,247.50
35.46,35.46,35.46,0.10,247.50
302.61,302.61,302.61,0.10,247.50
264.41,264.41,264.41,0.10,247.50
77.9,77.9,77.9,0.10,247.50
221.31,221.31,221.31,0.10,247.50
686.33,686.33,686.33,0.10,0.00
1446.47,1446.47,1446.47,0.10,0.00
138.57,138.57,138.57,0.10,0.00
374.83,374.83,374.83,0.10,0.00
237.58,237.58,237.58,0.10,0.00
380.16,380.16,380.16,0.10,0.00
232.8,232.8,232.8,0.10,0.00
175.15,175.15,175.15,0.10,0.00
479.9,479.9,479.9,0.10,0.00
637.2,637.2,637.2,0.10,0.00
96.27,96.27,96.27,1.60,22.50
116.35,116.35,116.35,1.60,22.50
132.43,132.43,132.43,1.60,22.50
315.48,315.48,315.48,1.60,22.50
218.15,218.15,218.15,1.60,22.50
443.82,443.82,443.82,1.60,22.50
256.31,256.31,256.31,1.60,22.50
508.67,508.67,508.67,1.60,22.50
218.58,218.58,218.58,1.60,22.50
288.43,288.43,288.43,1.60,22.50
606.44,606.44,606.44,1.60,0.00
1146.08,1146.08,1146.08,1.60,0.00
498.02,498.02,498.02,1.60,0.00
0.62,0.62,0.62,1.60,0.00
202.76,202.76,202.76,1.60,0.00
305.75,305.75,305.75,1.60,0.00
91.47,91.47,91.47,1.60,0.00
278.21,278.21,278.21,1.60,0.00
263.36,263.36,263.36,1.60,0.00
578.33,578.33,578.33,1.60,0.00
409.11,409.11,409.11,1.60,337.50
533.5,533.5,533.5,1.60,337.50
168.87,168.87,168.87,1.60,337.50
361.84,361.84,361.84,1.60,337.50
511.46,511.46,511.46,1.60,337.50
141.76,141.76,141.76,1.60,337.50
691.87,691.87,691.87,1.60,337.50
70.37,70.37,70.37,1.60,337.50
709.29,709.29,709.29,1.60,337.50
226.57,226.57,226.57,1.60,337.50
437.18,437.18,437.18,3.20,337.50
1010.28,1010.28,1010.28,3.20,337.50
644.91,644.91,644.91,3.20,337.50
128.05,128.05,128.05,3.20,337.50
589.38,589.38,589.38,3.20,337.50
219.46,219.46,219.46,3.20,337.50
1054.62,1054.62,1054.62,3.20,337.50
142.07,142.07,142.07,3.20,337.50
285.33,285.33,285.33,3.20,337.50
160.67,160.67,160.67,3.20,337.50
110.68,110.68,110.68,0.10,292.50
536.34,536.34,536.34,0.10,292.50
135.35,135.35,135.35,0.10,292.50
368.23,368.23,368.23,0.10,292.50
634.59,634.59,634.59,0.10,292.50
398.22,398.22,398.22,0.10,292.50
207.41,207.41,207.41,0.10,292.50
331.05,331.05,331.05,0.10,292.50
236.06,236.06,236.06,0.10,292.50
525.34,525.34,525.34,0.10,292.50
633.42,633.42,633.42,0.10,292.50
920.17,920.17,920.17,0.10,292.50
382.38,382.38,382.38,0.10,292.50
241.13,241.13,241.13,0.10,292.50
567.98,567.98,567.98,0.10,292.50
440.05,440.05,440.05,0.10,292.50
392.43,392.43,392.43,0.10,292.50
159.28,159.28,159.28,0.10,292.50
138.7,138.7,138.7,0.10,292.50
59.9,59.9,59.9,0.10,292.50
60.49,60.49,60.49,0.10,292.50
258.45,258.45,258.45,0.10,292.50
66.35,66.35,66.35,0.10,292.50
262.6,262.6,262.6,0.10,292.50
91.65,91.65,91.65,0.10,292.50
172.66,172.66,172.66,0.10,292.50
651.23,651.23,651.23,0.10,292.50
247.64,247.64,247.64,0.10,292.50
256.79,256.79,256.79,0.10,292.50
346.97,346.97,346.97,0.10,292.50
326.31,326.31,326.31,0.10,225.00
1317.38,1317.38,1317.38,0.10,225.00
628.46,628.46,628.46,0.10,225.00
335.96,335.96,335.96,0.10,225.00
155.82,155.82,155.82,0.10,225.00
548.25,548.25,548.25,0.10,225.00
582.77,582.77,582.77,0.10,225.00
744.63,744.63,744.63,0.10,225.00
279.13,279.13,279.13,0.10,225.00
449.65,449.65,449.65,0.10,225.00
355.31,355.31,355.31,1.60,180.00
219.98,219.98,219.98,1.60,180.00
145.49,145.49,145.49,1.60,180.00
395.34,395.34,395.34,1.60,180.00
614.89,614.89,614.89,1.60,180.00
485.3,485.3,485.3,1.60,180.00
284.51,284.51,284.51,1.60,180.00
439.42,439.42,439.42,1.60,180.00
412.63,412.63,412.63,1.60,180.00
362.97,362.97,362.97,1.60,180.00
217.36,217.36,217.36,0.10,180.00
1051.55,1051.55,1051.55,0.10,180.00
386.38,386.38,386.38,0.10,180.00
367.59,367.59,367.59,0.10,180.00
295.9,295.9,295.9,0.10,180.00
107.82,107.82,107.82,0.10,180.00
152.75,152.75,152.75,0.10,180.00
595.68,595.68,595.68,0.10,180.00
311.74,311.74,311.74,0.10,180.00
235.8,235.8,235.8,0.10,180.00
382.52,382.52,382.52,1.60,292.50
737.45,737.45,737.45,1.60,292.50
126.62,126.62,126.62,1.60,292.50
185.1,185.1,185.1,1.60,292.50
384.99,384.99,384.99,1.60,292.50
404.68,404.68,404.68,1.60,292.50
307.27,307.27,307.27,1.60,292.50
289.03,289.03,289.03,1.60,292.50
206.96,206.96,206.96,1.60,292.50
373.41,373.41,373.41,1.60,292.50
373.34,373.34,373.34,4.80,270.00
1313.67,1313.67,1313.67,4.80,270.00
262.23,262.23,262.23,4.80,270.00
529.3,529.3,529.3,4.80,270.00
136.05,136.05,136.05,4.80,270.00
492.03,492.03,492.03,4.80,270.00
186.49,186.49,186.49,4.80,270.00
355.55,355.55,355.55,4.80,270.00
588.17,588.17,588.17,4.80,270.00
311.21,311.21,311.21,4.80,270.00
943.86,943.86,943.86,3.20,315.00
275.84,275.84,275.84,3.20,315.00
398.98,398.98,398.98,3.20,315.00
424.84,424.84,424.84,3.20,315.00
449.71,449.71,449.71,3.20,315.00
87.27,87.27,87.27,3.20,315.00
578.31,578.31,578.31,3.20,315.00
590.24,590.24,590.24,3.20,315.00
630.02,630.02,630.02,3.20,315.00
429.02,429.02,429.02,3.20,315.00
621.61,621.61,621.61,3.20,315.00
991.66,991.66,991.66,3.20,315.00
999.65,999.65,999.65,3.20,315.00
176.23,176.23,176.23,3.20,315.00
617.81,617.81,617.81,3.20,315.00
176.23,176.23,176.23,3.20,315.00
354.1,354.1,354.1,3.20,315.00
200.03,200.03,200.03,3.20,315.00
347.53,347.53,347.53,3.20,315.00
338.13,338.13,338.13,3.20,315.00
455.67,455.67,455.67,3.20,270.00
250.65,250.65,250.65,3.20,270.00
210.86,210.86,210.86,3.20,270.00
487.51,487.51,487.51,3.20,270.00
510.96,510.96,510.96,3.20,270.00
336.17,336.17,336.17,3.20,270.00
212.86,212.86,212.86,3.20,270.00
706.71,706.71,706.71,3.20,270.00
199.94,199.94,199.94,3.20,270.00
494.96,494.96,494.96,3.20,270.00
533.18,533.18,533.18,4.80,247.50
2002.4,2002.4,2002.4,4.80,247.50
1308.49,1308.49,1308.49,4.80,247.50
96.46,96.46,96.46,4.80,247.50
445.39,445.39,445.39,4.80,247.50
732.62,732.62,732.62,4.80,247.50
963.71,963.71,963.71,4.80,247.50
1310.39,1310.39,1310.39,4.80,247.50
1519.57,1519.57,1519.57,4.80,247.50
576.31,576.31,576.31,4.80,247.50
1248.52,1248.52,1248.52,3.20,202.50
1163.59,1163.59,1163.59,3.20,202.50
920.71,920.71,920.71,3.20,202.50
972.45,972.45,972.45,3.20,202.50
836.96,836.96,836.96,3.20,202.50
381.2,381.2,381.2,3.20,202.50
367.64,367.64,367.64,3.20,202.50
108.83,108.83,108.83,3.20,202.50
1160.56,1160.56,1160.56,3.20,202.50
382.06,382.06,382.06,3.20,202.50
170.62,170.62,170.62,3.20,180.00
2300.89,2300.89,2300.89,3.20,180.00
1066.87,1066.87,1066.87,3.20,180.00
688.56,688.56,688.56,3.20,180.00
405.62,405.62,405.62,3.20,180.00
590.42,590.42,590.42,3.20,180.00
186.81,186.81,186.81,3.20,180.00
484.56,484.56,484.56,3.20,180.00
292.69,292.69,292.69,3.20,180.00
178.8,178.8,178.8,3.20,180.00
98.43,98.43,98.43,1.60,202.50
589.86,589.86,589.86,1.60,202.50
292.95,292.95,292.95,1.60,202.50
208.29,208.29,208.29,1.60,202.50
574.48,574.48,574.48,1.60,202.50
759.92,759.92,759.92,1.60,202.50
1057.74,1057.74,1057.74,1.60,202.50
630.77,630.77,630.77,1.60,202.50
709.6,709.6,709.6,1.60,202.50
535.45,535.45,535.45,1.60,202.50
123.74,123.74,123.74,3.20,225.00
1352.96,1352.96,1352.96,3.20,225.00
462.14,462.14,462.14,3.20,225.00
825.94,825.94,825.94,3.20,225.00
340.37,340.37,340.37,3.20,225.00
385.62,385.62,385.62,3.20,225.00
917.16,917.16,917.16,3.20,225.00
890.46,890.46,890.46,3.20,225.00
861.09,861.09,861.09,3.20,225.00
187.86,187.86,187.86,3.20,225.00
1296.13,1296.13,1296.13,3.20,225.00
1704.71,1704.71,1704.71,3.20,225.00
1055.14,1055.14,1055.14,3.20,225.00
1567.24,1567.24,1567.24,3.20,225.00
1239.39,1239.39,1239.39,3.20,225.00
1375.9,1375.9,1375.9,3.20,225.00
1689.89,1689.89,1689.89,3.20,225.00
2572.18,2572.18,2572.18,3.20,225.00
1570.59,1570.59,1570.59,3.20,225.00
1166.22,1166.22,1166.22,3.20,225.00
1855.93,1855.93,1855.93,1.60,202.50
1904.1,1904.1,1904.1,1.60,202.50
993.78,993.78,993.78,1.60,202.50
1596.22,1596.22,1596.22,1.60,202.50
1878.64,1878.64,1878.64,1.60,202.50
1943.85,1943.85,1943.85,1.60,202.50
1923.44,1923.44,1923.44,1.60,202.50
1291.84,1291.84,1291.84,1.60,202.50
1812.52,1812.52,1812.52,1.60,202.50
1081.4,1081.4,1081.4,1.60,202.50
1172.57,1172.57,1172.57,3.20,270.00
2831.17,2831.17,2831.17,3.20,270.00
1461.34,1461.34,1461.34,3.20,270.00
1985.71,1985.71,1985.71,3.20,270.00
2463.26,2463.26,2463.26,3.20,270.00
1152.14,1152.14,1152.14,3.20,270.00
1326.28,1326.28,1326.28,3.20,270.00
2072.28,2072.28,2072.28,3.20,270.00
3441.74,3441.74,3441.74,3.20,270.00
3034.51,3034.51,3034.51,3.20,270.00
4428.65,4428.65,4428.65,3.20,270.00
5387.18,5387.18,5387.18,3.20,270.00
4618.92,4618.92,4618.92,3.20,270.00
3370.11,3370.11,3370.11,3.20,270.00
5851.49,5851.49,5851.49,3.20,270.00
5693.87,5693.87,5693.87,3.20,270.00
5446.09,5446.09,5446.09,3.20,270.00
3977.27,3977.27,3977.27,3.20,270.00
658.98,658.98,658.98,3.20,270.00
650.37,650.37,650.37,3.20,270.00
1211.07,1211.07,1211.07,3.20,270.00
482.15,482.15,482.15,3.20,270.00
1211.42,1211.42,1211.42,3.20,270.00
1837.32,1837.32,1837.32,3.20,270.00
2947.27,2947.27,2947.27,3.20,270.00
2344.32,2344.32,2344.32,3.20,270.00
2040.3,2040.3,2040.3,3.20,270.00
1631.71,1631.71,1631.71,3.20,270.00
1626.31,1626.31,1626.31,3.20,270.00
1887.49,1887.49,1887.49,3.20,270.00
1321.17,1321.17,1321.17,3.20,337.50
1916.85,1916.85,1916.85,3.20,337.50
1724.41,1724.41,1724.41,3.20,337.50
1990.78,1990.78,1990.78,3.20,337.50
1455.57,1455.57,1455.57,3.20,337.50
1807.42,1807.42,1807.42,3.20,337.50
1449.12,1449.12,1449.12,3.20,337.50
1272.63,1272.63,1272.63,3.20,337.50
1777.46,1777.46,1777.46,3.20,337.50
1951.88,1951.88,1951.88,3.20,337.50
2867.59,2867.59,2867.59,4.80,292.50
2094.95,2094.95,2094.95,4.80,292.50
2691.25,2691.25,2691.25,4.80,292.50
2479.22,2479.22,2479.22,4.80,292.50
2630.78,2630.78,2630.78,4.80,292.50
1212.3,1212.3,1212.3,4.80,292.50
1973.34,1973.34,1973.34,4.80,292.50
1497.85,1497.85,1497.85,4.80,292.50
1547.38,1547.38,1547.38,4.80,292.50
1350.07,1350.07,1350.07,4.80,292.50
1784.59,1784.59,1784.59,3.20,337.50
1523.89,1523.89,1523.89,3.20,337.50
1260.62,1260.62,1260.62,3.20,337.50
1774.38,1774.38,1774.38,3.20,337.50
2664.17,2664.17,2664.17,3.20,337.50
2738.11,2738.11,2738.11,3.20,337.50
3240.58,3240.58,3240.58,3.20,337.50
2542.86,2542.86,2542.86,3.20,337.50
2093.59,2093.59,2093.59,3.20,337.50
4276.31,4276.31,4276.31,3.20,337.50
2502.1,2502.1,2502.1,3.20,315.00
2207.97,2207.97,2207.97,3.20,315.00
2484.43,2484.43,2484.43,3.20,315.00
3744.65,3744.65,3744.65,3.20,315.00
1820.79,1820.79,1820.79,3.20,315.00
2620.5,2620.5,2620.5,3.20,315.00
4456.8,4456.8,4456.8,3.20,315.00
3107.55,3107.55,3107.55,3.20,315.00
1937.36,1937.36,1937.36,3.20,315.00
1771.15,1771.15,1771.15,3.20,315.00
1919.36,1919.36,1919.36,8.00,315.00
2175.11,2175.11,2175.11,8.00,315.00
2533.84,2533.84,2533.84,8.00,315.00
2185.3,2185.3,2185.3,8.00,315.00
3888.73,3888.73,3888.73,8.00,315.00
1229.82,1229.82,1229.82,8.00,315.00
2788.57,2788.57,2788.57,8.00,315.00
3844.41,3844.41,3844.41,8.00,315.00
2981.06,2981.06,2981.06,8.00,315.00
3333.56,3333.56,3333.56,8.00,315.00
3784.49,3784.49,3784.49,12.90,0.00
4094.69,4094.69,4094.69,12.90,0.00
3019.57,3019.57,3019.57,12.90,0.00
2271.65,2271.65,2271.65,12.90,0.00
2425.05,2425.05,2425.05,12.90,0.00
1930.08,1930.08,1930.08,12.90,0.00
1556.07,1556.07,1556.07,12.90,0.00
1565.69,1565.69,1565.69,12.90,0.00
1684.67,1684.67,1684.67,12.90,0.00
1364.75,1364.75,1364.75,12.90,0.00
1771.48,1771.48,1771.48,6.40,337.50
1060.74,1060.74,1060.74,6.40,337.50
1494.22,1494.22,1494.22,6.40,337.50
2060.99,2060.99,2060.99,6.40,337.50
1508.58,1508.58,1508.58,6.40,337.50
1721.21,1721.21,1721.21,6.40,337.50
1705.03,1705.03,1705.03,6.40,337.50
1971.5,1971.5,1971.5,6.40,337.50
2047.45,2047.45,2047.45,6.40,337.50
1169.19,1169.19,1169.19,6.40,337.50
1781.79,1781.79,1781.79,7.40,338.50
1777.9,1777.9,1777.9,8.40,339.50
1253.68,1253.68,1253.68,9.40,340.50
936.5,936.5,936.5,10.40,341.50
1721.72,1721.72,1721.72,11.40,342.50
2260.59,2260.59,2260.59,12.40,343.50
2312.86,2312.86,2312.86,13.40,344.50
1441.67,1441.67,1441.67,14.40,345.50
2048.06,2048.06,2048.06,15.40,346.50
3039.24,3039.24,3039.24,16.40,347.50
2354.07,2354.07,2354.07,17.40,348.50
2223.62,2223.62,2223.62,18.40,349.50
