0,0,0,2.2,203.96
0,0,0,1.91,200.56
0,0,0,1.41,198.43
0,0,0,1,206.57
0,0,0,0.5,243.43
2.71,2.71,2.71,1.12,360
2.71,2.71,2.71,1.34,360
10.23,10.23,10.23,1.34,360
17.75,17.75,17.75,1.12,360
17.75,17.75,17.75,0.92,345.96
25.27,25.27,25.27,1.3,300.96
17.75,17.75,17.75,2.47,275.19
17.75,17.75,17.75,3.69,284.04
17.75,17.75,17.75,4.03,289.44
17.75,17.75,17.75,4.03,289.44
17.75,17.75,17.75,4.11,292.38
10.23,10.23,10.23,3.91,293.63
10.23,10.23,10.23,3.3,298.3
10.23,10.23,10.23,2.53,315
10.23,10.23,10.23,2.41,338.2
10.23,10.23,10.23,2.68,360
17.75,17.75,17.75,2.72,9.46
10.23,10.23,10.23,2.8,28.61
17.75,17.75,17.75,3.01,41.99
17.75,17.75,17.75,3.36,53.13
17.75,17.75,17.75,3.54,55.3
25.27,25.27,25.27,3.72,57.26
32.79,32.79,32.79,4.03,56.31
32.79,32.79,32.79,4.34,55.49
32.79,32.79,32.79,3.8,61.93
32.79,32.79,32.79,3.91,66.37
32.79,32.79,32.79,3.61,68.2
32.79,32.79,32.79,2.41,68.2
32.79,32.79,32.79,2.28,78.69
32.79,32.79,32.79,2.24,90
25.27,25.27,25.27,2.03,96.34
25.27,25.27,25.27,2.2,113.96
17.75,17.75,17.75,2.53,135
17.75,17.75,17.75,3.01,138.01
17.75,17.75,17.75,3.16,135
25.27,25.27,25.27,3.64,137.49
17.75,17.75,17.75,3.04,126.03
17.75,17.75,17.75,2.92,94.4
17.75,17.75,17.75,3.13,90
17.75,17.75,17.75,3.36,86.19
17.75,17.75,17.75,3.14,85.91
17.75,17.75,17.75,3.16,81.87
17.75,17.75,17.75,3.39,82.41
17.75,17.75,17.75,3.39,82.41
17.75,17.75,17.75,3.39,82.41
17.75,17.75,17.75,3.39,82.41
17.75,17.75,17.75,3.16,81.87
17.75,17.75,17.75,2.92,85.6
17.75,17.75,17.75,2.77,75.96
17.75,17.75,17.75,2.69,85.24
25.27,25.27,25.27,2.24,90
25.27,25.27,25.27,1.36,99.46
25.27,25.27,25.27,2.41,158.2
25.27,25.27,25.27,3.83,186.71
25.27,25.27,25.27,4.91,210.07
25.27,25.27,25.27,5.42,231.71
25.27,25.27,25.27,6.11,246.25
25.27,25.27,25.27,6.95,255.07
32.79,32.79,32.79,7.6,256.37
32.79,32.79,32.79,7.77,258.37
25.27,25.27,25.27,5.48,258.23
25.27,25.27,25.27,3.91,256.76
25.27,25.27,25.27,2.91,247.38
25.27,25.27,25.27,2.42,236.31
25.27,25.27,25.27,2.06,220.6
17.75,17.75,17.75,2.42,213.69
17.75,17.75,17.75,2.42,213.69
25.27,25.27,25.27,2.06,220.6
25.27,25.27,25.27,2.21,225
25.27,25.27,25.27,2.38,228.81
25.27,25.27,25.27,2.06,229.4
32.79,32.79,32.79,2.21,225
32.79,32.79,32.79,1.92,324.46
32.79,32.79,32.79,1.92,324.46
32.79,32.79,32.79,1.58,315
32.79,32.79,32.79,1.58,278.13
32.79,32.79,32.79,3.39,262.41
25.27,25.27,25.27,7.25,261.12
25.27,25.27,25.27,13.2,270
25.27,25.27,25.27,19.02,270.67
25.27,25.27,25.27,19.94,266.78
25.27,25.27,25.27,20.18,266.19
25.27,25.27,25.27,20.37,268.11
17.75,17.75,17.75,19.69,270
25.27,25.27,25.27,17.01,271.51
17.75,17.75,17.75,14.54,269.12
17.75,17.75,17.75,13.45,266.19
17.75,17.75,17.75,14.33,267.32
17.75,17.75,17.75,15.21,270.84
17.75,17.75,17.75,14.38,275.36
17.75,17.75,17.75,12.28,280.49
17.75,17.75,17.75,11.74,287.74
17.75,17.75,17.75,13.81,294.9
17.75,17.75,17.75,14.91,297.72
25.27,25.27,25.27,14.35,300.96
25.27,25.27,25.27,12.34,315
25.27,25.27,25.27,12.11,297.51
25.27,25.27,25.27,9.98,317.73
17.75,17.75,17.75,8.61,335.43
25.27,25.27,25.27,9.68,353.37
25.27,25.27,25.27,12.8,5.01
25.27,25.27,25.27,12.55,11.31
25.27,25.27,25.27,10.22,10.08
25.27,25.27,25.27,8.77,354.14
17.75,17.75,17.75,8.2,334.13
17.75,17.75,17.75,8.7,313.96
17.75,17.75,17.75,10.36,302.66
25.27,25.27,25.27,10.91,298.14
25.27,25.27,25.27,7.91,298.74
17.75,17.75,17.75,5.11,298.81
17.75,17.75,17.75,3.81,310.24
17.75,17.75,17.75,3.04,323.97
10.23,10.23,10.23,2.91,337.38
17.75,17.75,17.75,2.94,351.25
17.75,17.75,17.75,3.13,360
17.75,17.75,17.75,2.98,12.99
25.27,25.27,25.27,2.7,24.44
25.27,25.27,25.27,2.61,30.96
25.27,25.27,25.27,2.11,32.01
25.27,25.27,25.27,1.91,20.56
25.27,25.27,25.27,1.58,8.13
25.27,25.27,25.27,1.8,7.13
25.27,25.27,25.27,1.58,8.13
25.27,25.27,25.27,1.12,360
25.27,25.27,25.27,1.3,300.96
25.27,25.27,25.27,2.24,270
17.75,17.75,17.75,2.68,270
17.75,17.75,17.75,2.92,265.6
17.75,17.75,17.75,3.61,262.87
25.27,25.27,25.27,4.27,263.99
17.75,17.75,17.75,4.27,263.99
25.27,25.27,25.27,3.64,259.38
25.27,25.27,25.27,2.5,259.7
25.27,25.27,25.27,1.12,270
25.27,25.27,25.27,0,180
25.27,25.27,25.27,0.67,90
25.27,25.27,25.27,1.12,90
25.27,25.27,25.27,1.14,78.69
25.27,25.27,25.27,1.36,80.54
25.27,25.27,25.27,1.41,71.57
25.27,25.27,25.27,1.7,66.8
25.27,25.27,25.27,2,63.43
25.27,25.27,25.27,2.34,73.3
25.27,25.27,25.27,2.55,74.74
25.27,25.27,25.27,2.83,71.57
25.27,25.27,25.27,3.04,72.9
25.27,25.27,25.27,3.2,77.91
32.79,32.79,32.79,2.83,71.57
25.27,25.27,25.27,2.24,90
25.27,25.27,25.27,1.8,97.13
32.79,32.79,32.79,2.24,126.87
32.79,32.79,32.79,2.86,141.34
25.27,25.27,25.27,3.23,146.31
25.27,25.27,25.27,3.85,144.46
25.27,25.27,25.27,4.12,139.4
25.27,25.27,25.27,4.3,128.66
17.75,17.75,17.75,3,116.57
17.75,17.75,17.75,2.01,90
17.75,17.75,17.75,2.03,83.66
25.27,25.27,25.27,2.28,78.69
17.75,17.75,17.75,2.28,78.69
17.75,17.75,17.75,1.41,71.57
17.75,17.75,17.75,1,63.43
17.75,17.75,17.75,2,63.43
17.75,17.75,17.75,3.04,72.9
17.75,17.75,17.75,2.98,77.01
17.75,17.75,17.75,2.68,90
25.27,25.27,25.27,2.24,90
17.75,17.75,17.75,2.06,49.4
10.23,10.23,10.23,2,26.57
10.23,10.23,10.23,1.8,60.26
17.75,17.75,17.75,1.12,90
10.23,10.23,10.23,1.63,164.05
10.23,10.23,10.23,3.36,176.19
10.23,10.23,10.23,4.03,183.18
17.75,17.75,17.75,4.39,194.74
17.75,17.75,17.75,4.91,210.07
17.75,17.75,17.75,6.22,217.69
25.27,25.27,25.27,7.79,219.17
25.27,25.27,25.27,9.06,212.91
25.27,25.27,25.27,8,206.57
25.27,25.27,25.27,6.86,199.03
25.27,25.27,25.27,5.92,190.89
25.27,25.27,25.27,3.86,190.01
17.75,17.75,17.75,1.41,198.43
17.75,17.75,17.75,1.84,345.96
17.75,17.75,17.75,4.03,360
10.23,10.23,10.23,,
10.23,10.23,10.23,,
10.23,10.23,10.23,,
17.75,17.75,17.75,,
17.75,17.75,17.75,,
17.75,17.75,17.75,,
25.27,25.27,25.27,,
32.79,32.79,32.79,,
32.79,32.79,32.79,,
32.79,32.79,32.79,,
32.79,32.79,32.79,,
32.79,32.79,32.79,,
32.79,32.79,32.79,,
25.27,25.27,25.27,,
32.79,32.79,32.79,,
32.79,32.79,32.79,,
25.27,25.27,25.27,,
25.27,25.27,25.27,,
25.27,25.27,25.27,,
25.27,25.27,25.27,,
25.27,25.27,25.27,,
17.75,17.75,17.75,,
25.27,25.27,25.27,,
25.27,25.27,25.27,,
17.75,17.75,17.75,,
17.75,17.75,17.75,,
17.75,17.75,17.75,,
17.75,17.75,17.75,,
17.75,17.75,17.75,,
17.75,17.75,17.75,,
17.75,17.75,17.75,,
17.75,17.75,17.75,,
17.75,17.75,17.75,,
17.75,17.75,17.75,,
17.75,17.75,17.75,,
17.75,17.75,17.75,,
17.75,17.75,17.75,,
17.75,17.75,17.75,,
25.27,25.27,25.27,,
25.27,25.27,25.27,,
25.27,25.27,25.27,,
25.27,25.27,25.27,,
25.27,25.27,25.27,,
25.27,25.27,25.27,,
25.27,25.27,25.27,,
25.27,25.27,25.27,,
25.27,25.27,25.27,,
25.27,25.27,25.27,,
25.27,25.27,25.27,,
25.27,25.27,25.27,,
25.27,25.27,25.27,,
25.27,25.27,25.27,,
25.27,25.27,25.27,,
25.27,25.27,25.27,,
32.79,32.79,32.79,,
25.27,25.27,25.27,,
32.79,32.79,32.79,,
32.79,32.79,32.79,,
32.79,32.79,32.79,,
32.79,32.79,32.79,,
25.27,25.27,25.27,,
25.27,25.27,25.27,,
25.27,25.27,25.27,,
25.27,25.27,25.27,,
32.79,32.79,32.79,,
32.79,32.79,32.79,,
25.27,25.27,25.27,,
25.27,25.27,25.27,,
25.27,25.27,25.27,,
25.27,25.27,25.27,,
25.27,25.27,25.27,,
25.27,25.27,25.27,,
17.75,17.75,17.75,,
17.75,17.75,17.75,,
17.75,17.75,17.75,,
10.23,10.23,10.23,,
10.23,10.23,10.23,,
10.23,10.23,10.23,,
17.75,17.75,17.75,,
17.75,17.75,17.75,,
17.75,17.75,17.75,,
17.75,17.75,17.75,,
17.75,17.75,17.75,,
17.75,17.75,17.75,,
17.75,17.75,17.75,,
25.27,25.27,25.27,,
25.27,25.27,25.27,,
25.27,25.27,25.27,,
25.27,25.27,25.27,,
32.79,32.79,32.79,,
25.27,25.27,25.27,,
25.27,25.27,25.27,,
25.27,25.27,25.27,,
25.27,25.27,25.27,,
32.79,32.79,32.79,,
25.27,25.27,25.27,,
25.27,25.27,25.27,,
32.79,32.79,32.79,,
25.27,25.27,25.27,,
25.27,25.27,25.27,,
32.79,32.79,32.79,,
32.79,32.79,32.79,,
32.79,32.79,32.79,,
32.79,32.79,32.79,,
32.79,32.79,32.79,,
32.79,32.79,32.79,,
25.27,25.27,25.27,,
25.27,25.27,25.27,,
25.27,25.27,25.27,,
17.75,17.75,17.75,,
25.27,25.27,25.27,,
17.75,17.75,17.75,,
17.75,17.75,17.75,,
17.75,17.75,17.75,,
17.75,17.75,17.75,,
17.75,17.75,17.75,,
25.27,25.27,25.27,,
25.27,25.27,25.27,,
17.75,17.75,17.75,,
25.27,25.27,25.27,,
25.27,25.27,25.27,,
32.79,32.79,32.79,,
32.79,32.79,32.79,,
32.79,32.79,32.79,,
32.79,32.79,32.79,,
32.79,32.79,32.79,,
32.79,32.79,32.79,,
32.79,32.79,32.79,,
32.79,32.79,32.79,,
32.79,32.79,32.79,,
25.27,25.27,25.27,,
17.75,17.75,17.75,,
25.27,25.27,25.27,,
17.75,17.75,17.75,,
25.27,25.27,25.27,,
32.79,32.79,32.79,,
32.79,32.79,32.79,,
32.79,32.79,32.79,,
32.79,32.79,32.79,,
32.79,32.79,32.79,,
40.31,40.31,40.31,,
47.83,47.83,47.83,,
40.31,40.31,40.31,,
40.31,40.31,40.31,,
40.31,40.31,40.31,,
32.79,32.79,32.79,,
32.79,32.79,32.79,,
25.27,25.27,25.27,,
25.27,25.27,25.27,,
25.27,25.27,25.27,,
17.75,17.75,17.75,,
17.75,17.75,17.75,,
17.75,17.75,17.75,,
17.75,17.75,17.75,,
17.75,17.75,17.75,,
17.75,17.75,17.75,,
17.75,17.75,17.75,,
25.27,25.27,25.27,,
25.27,25.27,25.27,,
25.27,25.27,25.27,,
25.27,25.27,25.27,,
25.27,25.27,25.27,,
32.79,32.79,32.79,,
32.79,32.79,32.79,,
25.27,25.27,25.27,,
25.27,25.27,25.27,,
25.27,25.27,25.27,,
17.75,17.75,17.75,,
25.27,25.27,25.27,,
25.27,25.27,25.27,,
25.27,25.27,25.27,,
25.27,25.27,25.27,,
17.75,17.75,17.75,,
17.75,17.75,17.75,,
17.75,17.75,17.75,,
25.27,25.27,25.27,,
17.75,17.75,17.75,,
25.27,25.27,25.27,,
25.27,25.27,25.27,,
25.27,25.27,25.27,,
25.27,25.27,25.27,,
25.27,25.27,25.27,,
25.27,25.27,25.27,,
25.27,25.27,25.27,,
32.79,32.79,32.79,,
32.79,32.79,32.79,,
32.79,32.79,32.79,,
32.79,32.79,32.79,,
32.79,32.79,32.79,,
25.27,25.27,25.27,,
25.27,25.27,25.27,,
25.27,25.27,25.27,,
25.27,25.27,25.27,,
25.27,25.27,25.27,,
25.27,25.27,25.27,,
25.27,25.27,25.27,,
32.79,32.79,32.79,,
32.79,32.79,32.79,,
32.79,32.79,32.79,,
32.79,32.79,32.79,,
32.79,32.79,32.79,,
32.79,32.79,32.79,,
32.79,32.79,32.79,,
32.79,32.79,32.79,,
32.79,32.79,32.79,,
25.27,25.27,25.27,,
25.27,25.27,25.27,,
10.23,10.23,10.23,,
10.23,10.23,10.23,,
17.75,17.75,17.75,,
17.75,17.75,17.75,,
17.75,17.75,17.75,,
25.27,25.27,25.27,,
17.75,17.75,17.75,,
17.75,17.75,17.75,,
25.27,25.27,25.27,,
25.27,25.27,25.27,,
25.27,25.27,25.27,,
25.27,25.27,25.27,,
25.27,25.27,25.27,,
25.27,25.27,25.27,,
25.27,25.27,25.27,,
17.75,17.75,17.75,,
25.27,25.27,25.27,,
25.27,25.27,25.27,,
25.27,25.27,25.27,,
32.79,32.79,32.79,,
32.79,32.79,32.79,,
32.79,32.79,32.79,,
25.27,25.27,25.27,,
25.27,25.27,25.27,,
32.79,32.79,32.79,,
32.79,32.79,32.79,,
32.79,32.79,32.79,,
25.27,25.27,25.27,,
25.27,25.27,25.27,,
25.27,25.27,25.27,,
25.27,25.27,25.27,,
25.27,25.27,25.27,,
25.27,25.27,25.27,,
32.79,32.79,32.79,,
32.79,32.79,32.79,,
25.27,25.27,25.27,,
25.27,25.27,25.27,,
25.27,25.27,25.27,,
25.27,25.27,25.27,,
25.27,25.27,25.27,,
25.27,25.27,25.27,,
32.79,32.79,32.79,,
32.79,32.79,32.79,,
25.27,25.27,25.27,,
25.27,25.27,25.27,,
17.75,17.75,17.75,,
40.31,40.31,40.31,,
40.31,40.31,40.31,,
40.31,40.31,40.31,,
40.31,40.31,40.31,,
40.31,40.31,40.31,,
40.31,40.31,40.31,,
40.31,40.31,40.31,,
40.31,40.31,40.31,,
47.83,47.83,47.83,,
47.83,47.83,47.83,,
32.79,32.79,32.79,,
32.79,32.79,32.79,,
32.79,32.79,32.79,,
32.79,32.79,32.79,,
32.79,32.79,32.79,,
32.79,32.79,32.79,,
25.27,25.27,25.27,,
25.27,25.27,25.27,,
17.75,17.75,17.75,,
17.75,17.75,17.75,,
17.75,17.75,17.75,,
10.23,10.23,10.23,,
17.75,17.75,17.75,,
17.75,17.75,17.75,,
10.23,10.23,10.23,,
17.75,17.75,17.75,,
17.75,17.75,17.75,,
17.75,17.75,17.75,,
17.75,17.75,17.75,,
17.75,17.75,17.75,,
25.27,25.27,25.27,,
25.27,25.27,25.27,,
25.27,25.27,25.27,,
25.27,25.27,25.27,,
25.27,25.27,25.27,,
32.79,32.79,32.79,,
25.27,25.27,25.27,,
25.27,25.27,25.27,,
25.27,25.27,25.27,,
25.27,25.27,25.27,,
25.27,25.27,25.27,,
25.27,25.27,25.27,,
17.75,17.75,17.75,,
17.75,17.75,17.75,,
17.75,17.75,17.75,,
17.75,17.75,17.75,,
17.75,17.75,17.75,,
17.75,17.75,17.75,,
10.23,10.23,10.23,,
10.23,10.23,10.23,,
17.75,17.75,17.75,,
17.75,17.75,17.75,,
17.75,17.75,17.75,,
17.75,17.75,17.75,,
17.75,17.75,17.75,,
17.75,17.75,17.75,,
17.75,17.75,17.75,,
17.75,17.75,17.75,,
17.75,17.75,17.75,,
17.75,17.75,17.75,,
25.27,25.27,25.27,,
25.27,25.27,25.27,,
25.27,25.27,25.27,,
32.79,32.79,32.79,,
32.79,32.79,32.79,,
25.27,25.27,25.27,,
25.27,25.27,25.27,,
25.27,25.27,25.27,,
25.27,25.27,25.27,,
32.79,32.79,32.79,,
25.27,25.27,25.27,,
17.75,17.75,17.75,,
25.27,25.27,25.27,,
17.75,17.75,17.75,,
17.75,17.75,17.75,,
17.75,17.75,17.75,,
17.75,17.75,17.75,,
17.75,17.75,17.75,,
17.75,17.75,17.75,,
17.75,17.75,17.75,,
17.75,17.75,17.75,,
17.75,17.75,17.75,,
17.75,17.75,17.75,,
17.75,17.75,17.75,,
17.75,17.75,17.75,,
25.27,25.27,25.27,,
25.27,25.27,25.27,,
25.27,25.27,25.27,,
25.27,25.27,25.27,,
25.27,25.27,25.27,,
25.27,25.27,25.27,,
25.27,25.27,25.27,,
32.79,32.79,32.79,,
32.79,32.79,32.79,,
32.79,32.79,32.79,,
32.79,32.79,32.79,,
25.27,25.27,25.27,,
32.79,32.79,32.79,,
32.79,32.79,32.79,,
32.79,32.79,32.79,,
32.79,32.79,32.79,,
32.79,32.79,32.79,,
25.27,25.27,25.27,,
17.75,17.75,17.75,,
25.27,25.27,25.27,,
17.75,17.75,17.75,,
17.75,17.75,17.75,,
17.75,17.75,17.75,,
17.75,17.75,17.75,,
17.75,17.75,17.75,,
17.75,17.75,17.75,,
17.75,17.75,17.75,,
17.75,17.75,17.75,,
40.31,40.31,40.31,,
40.31,40.31,40.31,,
47.83,47.83,47.83,,
40.31,40.31,40.31,,
40.31,40.31,40.31,,
40.31,40.31,40.31,,
40.31,40.31,40.31,,
40.31,40.31,40.31,,
40.31,40.31,40.31,,
40.31,40.31,40.31,,
17.75,17.75,17.75,,
17.75,17.75,17.75,,
10.23,10.23,10.23,,
17.75,17.75,17.75,,
10.23,10.23,10.23,,
17.75,17.75,17.75,,
17.75,17.75,17.75,,
17.75,17.75,17.75,,
17.75,17.75,17.75,,
17.75,17.75,17.75,,
17.75,17.75,17.75,,
25.27,25.27,25.27,,
25.27,25.27,25.27,,
32.79,32.79,32.79,,
32.79,32.79,32.79,,
32.79,32.79,32.79,,
32.79,32.79,32.79,,
40.31,40.31,40.31,,
40.31,40.31,40.31,,
47.83,47.83,47.83,,
40.31,40.31,40.31,,
40.31,40.31,40.31,,
40.31,40.31,40.31,,
32.79,32.79,32.79,,
32.79,32.79,32.79,,
32.79,32.79,32.79,,
32.79,32.79,32.79,,
25.27,25.27,25.27,,
25.27,25.27,25.27,,
17.75,17.75,17.75,,
17.75,17.75,17.75,,
25.27,25.27,25.27,,
25.27,25.27,25.27,,
25.27,25.27,25.27,,
25.27,25.27,25.27,,
25.27,25.27,25.27,,
25.27,25.27,25.27,,
32.79,32.79,32.79,,
25.27,25.27,25.27,,
25.27,25.27,25.27,,
25.27,25.27,25.27,,
25.27,25.27,25.27,,
25.27,25.27,25.27,,
17.75,17.75,17.75,,
17.75,17.75,17.75,,
17.75,17.75,17.75,,
17.75,17.75,17.75,,
10.23,10.23,10.23,,
10.23,10.23,10.23,,
17.75,17.75,17.75,,
17.75,17.75,17.75,,
25.27,25.27,25.27,,
25.27,25.27,25.27,,
25.27,25.27,25.27,,
25.27,25.27,25.27,,
25.27,25.27,25.27,,
25.27,25.27,25.27,,
25.27,25.27,25.27,,
25.27,25.27,25.27,,
25.27,25.27,25.27,,
25.27,25.27,25.27,,
17.75,17.75,17.75,,
17.75,17.75,17.75,,
17.75,17.75,17.75,,
17.75,17.75,17.75,,
17.75,17.75,17.75,,
17.75,17.75,17.75,,
17.75,17.75,17.75,,
17.75,17.75,17.75,,
25.27,25.27,25.27,,
25.27,25.27,25.27,,
25.27,25.27,25.27,,
25.27,25.27,25.27,,
25.27,25.27,25.27,,
17.75,17.75,17.75,,
25.27,25.27,25.27,,
17.75,17.75,17.75,,
17.75,17.75,17.75,,
17.75,17.75,17.75,,
17.75,17.75,17.75,,
17.75,17.75,17.75,,
17.75,17.75,17.75,,
17.75,17.75,17.75,,
25.27,25.27,25.27,,
25.27,25.27,25.27,,
25.27,25.27,25.27,,
25.27,25.27,25.27,,
25.27,25.27,25.27,,
25.27,25.27,25.27,,
25.27,25.27,25.27,,
25.27,25.27,25.27,,
25.27,25.27,25.27,,
25.27,25.27,25.27,,
17.75,17.75,17.75,,
17.75,17.75,17.75,,
17.75,17.75,17.75,,
17.75,17.75,17.75,,
25.27,25.27,25.27,,
25.27,25.27,25.27,,
25.27,25.27,25.27,,
25.27,25.27,25.27,,
32.79,32.79,32.79,,
25.27,25.27,25.27,,
25.27,25.27,25.27,,
25.27,25.27,25.27,,
25.27,25.27,25.27,,
25.27,25.27,25.27,,
25.27,25.27,25.27,,
17.75,17.75,17.75,,
17.75,17.75,17.75,,
17.75,17.75,17.75,,
10.23,10.23,10.23,,
10.23,10.23,10.23,,
10.23,10.23,10.23,,
10.23,10.23,10.23,,
17.75,17.75,17.75,,
17.75,17.75,17.75,,
17.75,17.75,17.75,,
17.75,17.75,17.75,,
17.75,17.75,17.75,,
25.27,25.27,25.27,,
32.79,32.79,32.79,,
32.79,32.79,32.79,,
32.79,32.79,32.79,,
25.27,25.27,25.27,,
32.79,32.79,32.79,,
25.27,25.27,25.27,,
32.79,32.79,32.79,,
25.27,25.27,25.27,,
25.27,25.27,25.27,,
17.75,17.75,17.75,,
17.75,17.75,17.75,,
17.75,17.75,17.75,,
17.75,17.75,17.75,,
25.27,25.27,25.27,,
25.27,25.27,25.27,,
17.75,17.75,17.75,,
17.75,17.75,17.75,,
17.75,17.75,17.75,,
17.75,17.75,17.75,,
17.75,17.75,17.75,,
17.75,17.75,17.75,,
17.75,17.75,17.75,,
17.75,17.75,17.75,,
17.75,17.75,17.75,,
55.35,55.35,55.35,,
55.35,55.35,55.35,,
70.39,70.39,70.39,,
70.39,70.39,70.39,,
70.39,70.39,70.39,,
77.91,77.91,77.91,,
77.91,77.91,77.91,,
77.91,77.91,77.91,,
77.91,77.91,77.91,,
77.91,77.91,77.91,,
47.83,47.83,47.83,,
55.35,55.35,55.35,,
40.31,40.31,40.31,,
40.31,40.31,40.31,,
40.31,40.31,40.31,,
40.31,40.31,40.31,,
32.79,32.79,32.79,,
32.79,32.79,32.79,,
32.79,32.79,32.79,,
32.79,32.79,32.79,,
17.75,17.75,17.75,,
17.75,17.75,17.75,,
17.75,17.75,17.75,,
17.75,17.75,17.75,,
17.75,17.75,17.75,,
17.75,17.75,17.75,,
17.75,17.75,17.75,,
17.75,17.75,17.75,,
25.27,25.27,25.27,,
25.27,25.27,25.27,,
25.27,25.27,25.27,,
32.79,32.79,32.79,,
32.79,32.79,32.79,,
32.79,32.79,32.79,,
25.27,25.27,25.27,,
25.27,25.27,25.27,,
25.27,25.27,25.27,,
25.27,25.27,25.27,,
25.27,25.27,25.27,,
25.27,25.27,25.27,,
17.75,17.75,17.75,,
17.75,17.75,17.75,,
17.75,17.75,17.75,,
17.75,17.75,17.75,,
17.75,17.75,17.75,,
17.75,17.75,17.75,,
17.75,17.75,17.75,,
25.27,25.27,25.27,,
25.27,25.27,25.27,,
25.27,25.27,25.27,,
32.79,32.79,32.79,,
32.79,32.79,32.79,,
32.79,32.79,32.79,,
25.27,25.27,25.27,,
25.27,25.27,25.27,,
25.27,25.27,25.27,,
25.27,25.27,25.27,,
25.27,25.27,25.27,,
17.75,17.75,17.75,,
17.75,17.75,17.75,,
17.75,17.75,17.75,,
17.75,17.75,17.75,,
17.75,17.75,17.75,,
17.75,17.75,17.75,,
25.27,25.27,25.27,,
25.27,25.27,25.27,,
17.75,17.75,17.75,,
17.75,17.75,17.75,,
17.75,17.75,17.75,,
17.75,17.75,17.75,,
17.75,17.75,17.75,,
17.75,17.75,17.75,,
17.75,17.75,17.75,,
17.75,17.75,17.75,,
17.75,17.75,17.75,,
17.75,17.75,17.75,,
17.75,17.75,17.75,,
17.75,17.75,17.75,,
25.27,25.27,25.27,,
17.75,17.75,17.75,,
25.27,25.27,25.27,,
25.27,25.27,25.27,,
25.27,25.27,25.27,,
25.27,25.27,25.27,,
32.79,32.79,32.79,,
32.79,32.79,32.79,,
32.79,32.79,32.79,,
32.79,32.79,32.79,,
40.31,40.31,40.31,,
40.31,40.31,40.31,,
32.79,32.79,32.79,,
32.79,32.79,32.79,,
32.79,32.79,32.79,,
32.79,32.79,32.79,,
32.79,32.79,32.79,,
40.31,40.31,40.31,,
32.79,32.79,32.79,,
32.79,32.79,32.79,,
25.27,25.27,25.27,,
25.27,25.27,25.27,,
32.79,32.79,32.79,,
25.27,25.27,25.27,,
25.27,25.27,25.27,,
25.27,25.27,25.27,,
25.27,25.27,25.27,,
25.27,25.27,25.27,,
25.27,25.27,25.27,,
25.27,25.27,25.27,,
25.27,25.27,25.27,,
25.27,25.27,25.27,,
25.27,25.27,25.27,,
25.27,25.27,25.27,,
25.27,25.27,25.27,,
25.27,25.27,25.27,,
17.75,17.75,17.75,,
17.75,17.75,17.75,,
17.75,17.75,17.75,,
17.75,17.75,17.75,,
17.75,17.75,17.75,,
10.23,10.23,10.23,,
17.75,17.75,17.75,,
25.27,25.27,25.27,,
25.27,25.27,25.27,,
25.27,25.27,25.27,,
25.27,25.27,25.27,,
25.27,25.27,25.27,,
25.27,25.27,25.27,,
32.79,32.79,32.79,,
32.79,32.79,32.79,,
32.79,32.79,32.79,,
25.27,25.27,25.27,,
25.27,25.27,25.27,,
17.75,17.75,17.75,,
17.75,17.75,17.75,,
25.27,25.27,25.27,,
25.27,25.27,25.27,,
25.27,25.27,25.27,,
17.75,17.75,17.75,,
17.75,17.75,17.75,,
17.75,17.75,17.75,,
17.75,17.75,17.75,,
17.75,17.75,17.75,,
25.27,25.27,25.27,,
25.27,25.27,25.27,,
25.27,25.27,25.27,,
25.27,25.27,25.27,,
25.27,25.27,25.27,,
25.27,25.27,25.27,,
25.27,25.27,25.27,,
40.31,40.31,40.31,,
32.79,32.79,32.79,,
70.39,70.39,70.39,,
70.39,70.39,70.39,,
70.39,70.39,70.39,,
70.39,70.39,70.39,,
70.39,70.39,70.39,,
70.39,70.39,70.39,,
70.39,70.39,70.39,,
70.39,70.39,70.39,,
62.87,62.87,62.87,,
62.87,62.87,62.87,,
25.27,25.27,25.27,,
25.27,25.27,25.27,,
32.79,32.79,32.79,,
32.79,32.79,32.79,,
32.79,32.79,32.79,,
32.79,32.79,32.79,,
32.79,32.79,32.79,,
32.79,32.79,32.79,,
32.79,32.79,32.79,,
25.27,25.27,25.27,,
32.79,32.79,32.79,,
32.79,32.79,32.79,,
25.27,25.27,25.27,,
25.27,25.27,25.27,,
17.75,17.75,17.75,,
25.27,25.27,25.27,,
17.75,17.75,17.75,,
17.75,17.75,17.75,,
17.75,17.75,17.75,,
17.75,17.75,17.75,,
10.23,10.23,10.23,,
10.23,10.23,10.23,,
10.23,10.23,10.23,,
10.23,10.23,10.23,,
10.23,10.23,10.23,,
17.75,17.75,17.75,,
17.75,17.75,17.75,,
17.75,17.75,17.75,,
17.75,17.75,17.75,,
17.75,17.75,17.75,,
17.75,17.75,17.75,,
17.75,17.75,17.75,,
17.75,17.75,17.75,,
17.75,17.75,17.75,,
17.75,17.75,17.75,,
10.23,10.23,10.23,,
17.75,17.75,17.75,,
17.75,17.75,17.75,,
25.27,25.27,25.27,,
25.27,25.27,25.27,,
25.27,25.27,25.27,,
32.79,32.79,32.79,,
32.79,32.79,32.79,,
32.79,32.79,32.79,,
32.79,32.79,32.79,,
32.79,32.79,32.79,,
32.79,32.79,32.79,,
25.27,25.27,25.27,,
25.27,25.27,25.27,,
17.75,17.75,17.75,,
25.27,25.27,25.27,,
17.75,17.75,17.75,,
17.75,17.75,17.75,,
10.23,10.23,10.23,,
17.75,17.75,17.75,,
17.75,17.75,17.75,,
10.23,10.23,10.23,,
10.23,10.23,10.23,,
10.23,10.23,10.23,,
17.75,17.75,17.75,,
10.23,10.23,10.23,,
10.23,10.23,10.23,,
10.23,10.23,10.23,,
17.75,17.75,17.75,,
17.75,17.75,17.75,,
25.27,25.27,25.27,,
32.79,32.79,32.79,,
32.79,32.79,32.79,,
32.79,32.79,32.79,,
32.79,32.79,32.79,,
32.79,32.79,32.79,,
40.31,40.31,40.31,,
40.31,40.31,40.31,,
32.79,32.79,32.79,,
32.79,32.79,32.79,,
25.27,25.27,25.27,,
25.27,25.27,25.27,,
25.27,25.27,25.27,,
25.27,25.27,25.27,,
25.27,25.27,25.27,,
25.27,25.27,25.27,,
25.27,25.27,25.27,,
17.75,17.75,17.75,,
25.27,25.27,25.27,,
25.27,25.27,25.27,,
25.27,25.27,25.27,,
32.79,32.79,32.79,,
25.27,25.27,25.27,,
32.79,32.79,32.79,,
25.27,25.27,25.27,,
25.27,25.27,25.27,,
25.27,25.27,25.27,,
25.27,25.27,25.27,,
25.27,25.27,25.27,,
25.27,25.27,25.27,,
32.79,32.79,32.79,,
25.27,25.27,25.27,,
25.27,25.27,25.27,,
17.75,17.75,17.75,,
25.27,25.27,25.27,,
17.75,17.75,17.75,,
17.75,17.75,17.75,,
17.75,17.75,17.75,,
17.75,17.75,17.75,,
17.75,17.75,17.75,,
10.23,10.23,10.23,,
10.23,10.23,10.23,,
10.23,10.23,10.23,,
17.75,17.75,17.75,,
17.75,17.75,17.75,,
17.75,17.75,17.75,,
17.75,17.75,17.75,,
17.75,17.75,17.75,,
17.75,17.75,17.75,,
17.75,17.75,17.75,,
25.27,25.27,25.27,,
25.27,25.27,25.27,,
25.27,25.27,25.27,,
25.27,25.27,25.27,,
32.79,32.79,32.79,,
32.79,32.79,32.79,,
25.27,25.27,25.27,,
25.27,25.27,25.27,,
25.27,25.27,25.27,,
25.27,25.27,25.27,,
25.27,25.27,25.27,,
25.27,25.27,25.27,,
25.27,25.27,25.27,,
25.27,25.27,25.27,,
17.75,17.75,17.75,,
17.75,17.75,17.75,,
17.75,17.75,17.75,,
17.75,17.75,17.75,,
25.27,25.27,25.27,,
17.75,17.75,17.75,,
17.75,17.75,17.75,,
17.75,17.75,17.75,,
25.27,25.27,25.27,,
25.27,25.27,25.27,,
25.27,25.27,25.27,,
25.27,25.27,25.27,,
25.27,25.27,25.27,,
32.79,32.79,32.79,,
25.27,25.27,25.27,,
25.27,25.27,25.27,,
32.79,32.79,32.79,,
32.79,32.79,32.79,,
25.27,25.27,25.27,,
25.27,25.27,25.27,,
25.27,25.27,25.27,,
25.27,25.27,25.27,,
17.75,17.75,17.75,,
17.75,17.75,17.75,,
17.75,17.75,17.75,,
17.75,17.75,17.75,,
17.75,17.75,17.75,,
10.23,10.23,10.23,,
17.75,17.75,17.75,,
17.75,17.75,17.75,,
17.75,17.75,17.75,,
17.75,17.75,17.75,,
17.75,17.75,17.75,,
17.75,17.75,17.75,,
17.75,17.75,17.75,,
25.27,25.27,25.27,,
25.27,25.27,25.27,,
25.27,25.27,25.27,,
25.27,25.27,25.27,,
25.27,25.27,25.27,,
17.75,17.75,17.75,,
17.75,17.75,17.75,,
25.27,25.27,25.27,,
25.27,25.27,25.27,,
25.27,25.27,25.27,,
25.27,25.27,25.27,,
25.27,25.27,25.27,,
25.27,25.27,25.27,,
25.27,25.27,25.27,,
25.27,25.27,25.27,,
25.27,25.27,25.27,,
25.27,25.27,25.27,,
17.75,17.75,17.75,,
17.75,17.75,17.75,,
25.27,25.27,25.27,,
25.27,25.27,25.27,,
25.27,25.27,25.27,,
25.27,25.27,25.27,,
25.27,25.27,25.27,,
32.79,32.79,32.79,,
32.79,32.79,32.79,,
32.79,32.79,32.79,,
32.79,32.79,32.79,,
32.79,32.79,32.79,,
32.79,32.79,32.79,,
25.27,25.27,25.27,,
32.79,32.79,32.79,,
32.79,32.79,32.79,,
32.79,32.79,32.79,,
25.27,25.27,25.27,,
32.79,32.79,32.79,,
25.27,25.27,25.27,,
25.27,25.27,25.27,,
25.27,25.27,25.27,,
17.75,17.75,17.75,,
17.75,17.75,17.75,,
17.75,17.75,17.75,,
17.75,17.75,17.75,,
17.75,17.75,17.75,,
17.75,17.75,17.75,,
17.75,17.75,17.75,,
10.23,10.23,10.23,,
10.23,10.23,10.23,,
10.23,10.23,10.23,,
10.23,10.23,10.23,,
10.23,10.23,10.23,,
17.75,17.75,17.75,,
17.75,17.75,17.75,,
17.75,17.75,17.75,,
17.75,17.75,17.75,,
17.75,17.75,17.75,,
25.27,25.27,25.27,,
25.27,25.27,25.27,,
25.27,25.27,25.27,,
17.75,17.75,17.75,,
17.75,17.75,17.75,,
17.75,17.75,17.75,,
17.75,17.75,17.75,,
17.75,17.75,17.75,,
17.75,17.75,17.75,,
17.75,17.75,17.75,,
17.75,17.75,17.75,,
17.75,17.75,17.75,,
17.75,17.75,17.75,,
25.27,25.27,25.27,,
25.27,25.27,25.27,,
25.27,25.27,25.27,,
32.79,32.79,32.79,,
32.79,32.79,32.79,,
32.79,32.79,32.79,,
32.79,32.79,32.79,,
32.79,32.79,32.79,,
32.79,32.79,32.79,,
32.79,32.79,32.79,,
32.79,32.79,32.79,,
25.27,25.27,25.27,,
25.27,25.27,25.27,,
17.75,17.75,17.75,,
17.75,17.75,17.75,,
17.75,17.75,17.75,,
17.75,17.75,17.75,,
10.23,10.23,10.23,,
10.23,10.23,10.23,,
10.23,10.23,10.23,,
17.75,17.75,17.75,,
17.75,17.75,17.75,,
17.75,17.75,17.75,,
17.75,17.75,17.75,,
17.75,17.75,17.75,,
17.75,17.75,17.75,,
25.27,25.27,25.27,,
25.27,25.27,25.27,,
25.27,25.27,25.27,,
25.27,25.27,25.27,,
25.27,25.27,25.27,,
25.27,25.27,25.27,,
25.27,25.27,25.27,,
25.27,25.27,25.27,,
25.27,25.27,25.27,,
25.27,25.27,25.27,,
25.27,25.27,25.27,,
17.75,17.75,17.75,,
17.75,17.75,17.75,,
17.75,17.75,17.75,,
10.23,10.23,10.23,,
17.75,17.75,17.75,,
17.75,17.75,17.75,,
17.75,17.75,17.75,,
17.75,17.75,17.75,,
25.27,25.27,25.27,,
25.27,25.27,25.27,,
25.27,25.27,25.27,,
25.27,25.27,25.27,,
25.27,25.27,25.27,,
25.27,25.27,25.27,,
17.75,17.75,17.75,,
25.27,25.27,25.27,,
17.75,17.75,17.75,,
17.75,17.75,17.75,,
17.75,17.75,17.75,,
17.75,17.75,17.75,,
17.75,17.75,17.75,,
25.27,25.27,25.27,,
25.27,25.27,25.27,,
32.79,32.79,32.79,,
32.79,32.79,32.79,,
32.79,32.79,32.79,,
32.79,32.79,32.79,,
25.27,25.27,25.27,,
25.27,25.27,25.27,,
25.27,25.27,25.27,,
25.27,25.27,25.27,,
32.79,32.79,32.79,,
25.27,25.27,25.27,,
25.27,25.27,25.27,,
25.27,25.27,25.27,,
25.27,25.27,25.27,,
25.27,25.27,25.27,,
25.27,25.27,25.27,,
25.27,25.27,25.27,,
25.27,25.27,25.27,,
25.27,25.27,25.27,,
17.75,17.75,17.75,,
17.75,17.75,17.75,,
17.75,17.75,17.75,,
17.75,17.75,17.75,,
17.75,17.75,17.75,,
17.75,17.75,17.75,,
17.75,17.75,17.75,,
17.75,17.75,17.75,,
17.75,17.75,17.75,,
25.27,25.27,25.27,,
25.27,25.27,25.27,,
25.27,25.27,25.27,,
25.27,25.27,25.27,,
25.27,25.27,25.27,,
25.27,25.27,25.27,,
25.27,25.27,25.27,,
25.27,25.27,25.27,,
25.27,25.27,25.27,,
25.27,25.27,25.27,,
17.75,17.75,17.75,,
10.23,10.23,10.23,,
17.75,17.75,17.75,,
17.75,17.75,17.75,,
17.75,17.75,17.75,,
17.75,17.75,17.75,,
10.23,10.23,10.23,,
17.75,17.75,17.75,,
10.23,10.23,10.23,,
17.75,17.75,17.75,,
17.75,17.75,17.75,,
17.75,17.75,17.75,,
17.75,17.75,17.75,,
17.75,17.75,17.75,,
17.75,17.75,17.75,,
25.27,25.27,25.27,,
25.27,25.27,25.27,,
25.27,25.27,25.27,,
25.27,25.27,25.27,,
25.27,25.27,25.27,,
25.27,25.27,25.27,,
25.27,25.27,25.27,,
25.27,25.27,25.27,,
25.27,25.27,25.27,,
25.27,25.27,25.27,,
17.75,17.75,17.75,,
17.75,17.75,17.75,,
17.75,17.75,17.75,,
17.75,17.75,17.75,,
17.75,17.75,17.75,,
17.75,17.75,17.75,,
17.75,17.75,17.75,,
10.23,10.23,10.23,,
17.75,17.75,17.75,,
17.75,17.75,17.75,,
17.75,17.75,17.75,,
17.75,17.75,17.75,,
25.27,25.27,25.27,,
25.27,25.27,25.27,,
32.79,32.79,32.79,,
32.79,32.79,32.79,,
25.27,25.27,25.27,,
25.27,25.27,25.27,,
25.27,25.27,25.27,,
25.27,25.27,25.27,,
25.27,25.27,25.27,,
25.27,25.27,25.27,,
25.27,25.27,25.27,,
25.27,25.27,25.27,,
25.27,25.27,25.27,,
25.27,25.27,25.27,,
32.79,32.79,32.79,,
32.79,32.79,32.79,,
32.79,32.79,32.79,,
32.79,32.79,32.79,,
32.79,32.79,32.79,,
25.27,25.27,25.27,,
25.27,25.27,25.27,,
25.27,25.27,25.27,,
17.75,17.75,17.75,,
17.75,17.75,17.75,,
17.75,17.75,17.75,,
17.75,17.75,17.75,,
17.75,17.75,17.75,,
17.75,17.75,17.75,,
17.75,17.75,17.75,,
25.27,25.27,25.27,,
25.27,25.27,25.27,,
25.27,25.27,25.27,,
25.27,25.27,25.27,,
25.27,25.27,25.27,,
32.79,32.79,32.79,,
32.79,32.79,32.79,,
32.79,32.79,32.79,,
32.79,32.79,32.79,,
40.31,40.31,40.31,,
40.31,40.31,40.31,,
40.31,40.31,40.31,,
40.31,40.31,40.31,,
47.83,47.83,47.83,,
40.31,40.31,40.31,,
32.79,32.79,32.79,,
32.79,32.79,32.79,,
32.79,32.79,32.79,,
25.27,25.27,25.27,,
25.27,25.27,25.27,,
17.75,17.75,17.75,,
17.75,17.75,17.75,,
17.75,17.75,17.75,,
25.27,25.27,25.27,,
17.75,17.75,17.75,,
17.75,17.75,17.75,,
17.75,17.75,17.75,,
25.27,25.27,25.27,,
25.27,25.27,25.27,,
25.27,25.27,25.27,,
32.79,32.79,32.79,,
32.79,32.79,32.79,,
32.79,32.79,32.79,,
25.27,25.27,25.27,,
25.27,25.27,25.27,,
25.27,25.27,25.27,,
25.27,25.27,25.27,,
25.27,25.27,25.27,,
25.27,25.27,25.27,,
25.27,25.27,25.27,,
25.27,25.27,25.27,,
25.27,25.27,25.27,,
25.27,25.27,25.27,,
25.27,25.27,25.27,,
32.79,32.79,32.79,,
25.27,25.27,25.27,,
25.27,25.27,25.27,,
25.27,25.27,25.27,,
25.27,25.27,25.27,,
17.75,17.75,17.75,,
17.75,17.75,17.75,,
17.75,17.75,17.75,,
10.23,10.23,10.23,,
17.75,17.75,17.75,,
17.75,17.75,17.75,,
17.75,17.75,17.75,,
17.75,17.75,17.75,,
17.75,17.75,17.75,,
17.75,17.75,17.75,,
17.75,17.75,17.75,,
17.75,17.75,17.75,,
17.75,17.75,17.75,,
17.75,17.75,17.75,,
25.27,25.27,25.27,,
25.27,25.27,25.27,,
25.27,25.27,25.27,,
25.27,25.27,25.27,,
32.79,32.79,32.79,,
32.79,32.79,32.79,,
32.79,32.79,32.79,,
32.79,32.79,32.79,,
32.79,32.79,32.79,,
40.31,40.31,40.31,,
47.83,47.83,47.83,,
47.83,47.83,47.83,,
55.35,55.35,55.35,,
55.35,55.35,55.35,,
47.83,47.83,47.83,,
40.31,40.31,40.31,,
47.83,47.83,47.83,,
47.83,47.83,47.83,,
55.35,55.35,55.35,,
55.35,55.35,55.35,,
40.31,40.31,40.31,,
32.79,32.79,32.79,,
32.79,32.79,32.79,,
25.27,25.27,25.27,,
25.27,25.27,25.27,,
25.27,25.27,25.27,,
25.27,25.27,25.27,,
25.27,25.27,25.27,,
17.75,17.75,17.75,,
10.23,10.23,10.23,,
17.75,17.75,17.75,,
17.75,17.75,17.75,,
17.75,17.75,17.75,,
17.75,17.75,17.75,,
25.27,25.27,25.27,,
25.27,25.27,25.27,,
25.27,25.27,25.27,,
25.27,25.27,25.27,,
25.27,25.27,25.27,,
25.27,25.27,25.27,,
25.27,25.27,25.27,,
25.27,25.27,25.27,,
25.27,25.27,25.27,,
25.27,25.27,25.27,,
17.75,17.75,17.75,,
25.27,25.27,25.27,,
25.27,25.27,25.27,,
25.27,25.27,25.27,,
32.79,32.79,32.79,,
32.79,32.79,32.79,,
32.79,32.79,32.79,,
32.79,32.79,32.79,,
25.27,25.27,25.27,,
25.27,25.27,25.27,,
25.27,25.27,25.27,,
25.27,25.27,25.27,,
25.27,25.27,25.27,,
17.75,17.75,17.75,,
17.75,17.75,17.75,,
17.75,17.75,17.75,,
25.27,25.27,25.27,,
25.27,25.27,25.27,,
25.27,25.27,25.27,,
25.27,25.27,25.27,,
25.27,25.27,25.27,,
32.79,32.79,32.79,,
25.27,25.27,25.27,,
32.79,32.79,32.79,,
25.27,25.27,25.27,,
32.79,32.79,32.79,,
32.79,32.79,32.79,,
32.79,32.79,32.79,,
32.79,32.79,32.79,,
32.79,32.79,32.79,,
32.79,32.79,32.79,,
32.79,32.79,32.79,,
32.79,32.79,32.79,,
32.79,32.79,32.79,,
40.31,40.31,40.31,,
40.31,40.31,40.31,,
32.79,32.79,32.79,,
32.79,32.79,32.79,,
32.79,32.79,32.79,,
32.79,32.79,32.79,,
32.79,32.79,32.79,,
32.79,32.79,32.79,,
32.79,32.79,32.79,,
25.27,25.27,25.27,,
32.79,32.79,32.79,,
32.79,32.79,32.79,,
25.27,25.27,25.27,,
25.27,25.27,25.27,,
25.27,25.27,25.27,,
17.75,17.75,17.75,,
25.27,25.27,25.27,,
25.27,25.27,25.27,,
25.27,25.27,25.27,,
25.27,25.27,25.27,,
25.27,25.27,25.27,,
17.75,17.75,17.75,,
25.27,25.27,25.27,,
25.27,25.27,25.27,,
25.27,25.27,25.27,,
25.27,25.27,25.27,,
25.27,25.27,25.27,,
25.27,25.27,25.27,,
25.27,25.27,25.27,,
25.27,25.27,25.27,,
25.27,25.27,25.27,,
25.27,25.27,25.27,,
25.27,25.27,25.27,,
17.75,17.75,17.75,,
17.75,17.75,17.75,,
17.75,17.75,17.75,,
25.27,25.27,25.27,,
17.75,17.75,17.75,,
17.75,17.75,17.75,,
17.75,17.75,17.75,,
25.27,25.27,25.27,,
25.27,25.27,25.27,,
25.27,25.27,25.27,,
25.27,25.27,25.27,,
25.27,25.27,25.27,,
25.27,25.27,25.27,,
17.75,17.75,17.75,,
17.75,17.75,17.75,,
17.75,17.75,17.75,,
17.75,17.75,17.75,,
17.75,17.75,17.75,,
17.75,17.75,17.75,,
17.75,17.75,17.75,,
17.75,17.75,17.75,,
25.27,25.27,25.27,,
25.27,25.27,25.27,,
32.79,32.79,32.79,,
32.79,32.79,32.79,,
32.79,32.79,32.79,,
25.27,25.27,25.27,,
25.27,25.27,25.27,,
25.27,25.27,25.27,,
25.27,25.27,25.27,,
32.79,32.79,32.79,,
32.79,32.79,32.79,,
25.27,25.27,25.27,,
25.27,25.27,25.27,,
25.27,25.27,25.27,,
32.79,32.79,32.79,,
32.79,32.79,32.79,,
40.31,40.31,40.31,,
32.79,32.79,32.79,,
32.79,32.79,32.79,,
25.27,25.27,25.27,,
25.27,25.27,25.27,,
25.27,25.27,25.27,,
17.75,17.75,17.75,,
17.75,17.75,17.75,,
17.75,17.75,17.75,,
17.75,17.75,17.75,,
17.75,17.75,17.75,,
17.75,17.75,17.75,,
25.27,25.27,25.27,,
32.79,32.79,32.79,,
40.31,40.31,40.31,,
40.31,40.31,40.31,,
47.83,47.83,47.83,,
47.83,47.83,47.83,,
47.83,47.83,47.83,,
47.83,47.83,47.83,,
47.83,47.83,47.83,,
47.83,47.83,47.83,,
47.83,47.83,47.83,,
32.79,32.79,32.79,,
32.79,32.79,32.79,,
32.79,32.79,32.79,,
25.27,25.27,25.27,,
17.75,17.75,17.75,,
17.75,17.75,17.75,,
10.23,10.23,10.23,,
10.23,10.23,10.23,,
10.23,10.23,10.23,,
10.23,10.23,10.23,,
2.71,2.71,2.71,,
10.23,10.23,10.23,,
2.71,2.71,2.71,,
10.23,10.23,10.23,,
10.23,10.23,10.23,,
10.23,10.23,10.23,,
17.75,17.75,17.75,,
17.75,17.75,17.75,,
25.27,25.27,25.27,,
25.27,25.27,25.27,,
25.27,25.27,25.27,,
25.27,25.27,25.27,,
25.27,25.27,25.27,,
25.27,25.27,25.27,,
25.27,25.27,25.27,,
25.27,25.27,25.27,,
17.75,17.75,17.75,,
17.75,17.75,17.75,,
17.75,17.75,17.75,,
17.75,17.75,17.75,,
17.75,17.75,17.75,,
25.27,25.27,25.27,,
17.75,17.75,17.75,,
17.75,17.75,17.75,,
17.75,17.75,17.75,,
17.75,17.75,17.75,,
25.27,25.27,25.27,,
25.27,25.27,25.27,,
25.27,25.27,25.27,,
17.75,17.75,17.75,,
17.75,17.75,17.75,,
17.75,17.75,17.75,,
17.75,17.75,17.75,,
17.75,17.75,17.75,,
17.75,17.75,17.75,,
25.27,25.27,25.27,,
25.27,25.27,25.27,,
25.27,25.27,25.27,,
25.27,25.27,25.27,,
25.27,25.27,25.27,,
25.27,25.27,25.27,,
17.75,17.75,17.75,,
17.75,17.75,17.75,,
17.75,17.75,17.75,,
17.75,17.75,17.75,,
10.23,10.23,10.23,,
10.23,10.23,10.23,,
17.75,17.75,17.75,,
17.75,17.75,17.75,,
17.75,17.75,17.75,,
25.27,25.27,25.27,,
25.27,25.27,25.27,,
32.79,32.79,32.79,,
32.79,32.79,32.79,,
32.79,32.79,32.79,,
40.31,40.31,40.31,,
40.31,40.31,40.31,,
32.79,32.79,32.79,,
32.79,32.79,32.79,,
25.27,25.27,25.27,,
32.79,32.79,32.79,,
32.79,32.79,32.79,,
32.79,32.79,32.79,,
32.79,32.79,32.79,,
32.79,32.79,32.79,,
32.79,32.79,32.79,,
32.79,32.79,32.79,,
40.31,40.31,40.31,,
40.31,40.31,40.31,,
40.31,40.31,40.31,,
40.31,40.31,40.31,,
40.31,40.31,40.31,,
40.31,40.31,40.31,,
32.79,32.79,32.79,,
32.79,32.79,32.79,,
25.27,25.27,25.27,,
25.27,25.27,25.27,,
17.75,17.75,17.75,,
17.75,17.75,17.75,,
17.75,17.75,17.75,,
25.27,25.27,25.27,,
17.75,17.75,17.75,,
17.75,17.75,17.75,,
17.75,17.75,17.75,,
17.75,17.75,17.75,,
25.27,25.27,25.27,,
32.79,32.79,32.79,,
32.79,32.79,32.79,,
40.31,40.31,40.31,,
40.31,40.31,40.31,,
40.31,40.31,40.31,,
40.31,40.31,40.31,,
40.31,40.31,40.31,,
40.31,40.31,40.31,,
40.31,40.31,40.31,,
32.79,32.79,32.79,,
25.27,25.27,25.27,,
25.27,25.27,25.27,,
17.75,17.75,17.75,,
25.27,25.27,25.27,,
17.75,17.75,17.75,,
17.75,17.75,17.75,,
17.75,17.75,17.75,,
25.27,25.27,25.27,,
17.75,17.75,17.75,,
17.75,17.75,17.75,,
25.27,25.27,25.27,,
25.27,25.27,25.27,,
25.27,25.27,25.27,,
25.27,25.27,25.27,,
25.27,25.27,25.27,,
25.27,25.27,25.27,,
17.75,17.75,17.75,,
17.75,17.75,17.75,,
17.75,17.75,17.75,,
25.27,25.27,25.27,,
17.75,17.75,17.75,,
25.27,25.27,25.27,,
25.27,25.27,25.27,,
25.27,25.27,25.27,,
25.27,25.27,25.27,,
32.79,32.79,32.79,,
32.79,32.79,32.79,,
32.79,32.79,32.79,,
32.79,32.79,32.79,,
32.79,32.79,32.79,,
25.27,25.27,25.27,,
25.27,25.27,25.27,,
25.27,25.27,25.27,,
17.75,17.75,17.75,,
17.75,17.75,17.75,,
17.75,17.75,17.75,,
17.75,17.75,17.75,,
17.75,17.75,17.75,,
17.75,17.75,17.75,,
17.75,17.75,17.75,,
17.75,17.75,17.75,,
25.27,25.27,25.27,,
25.27,25.27,25.27,,
25.27,25.27,25.27,,
25.27,25.27,25.27,,
32.79,32.79,32.79,,
25.27,25.27,25.27,,
32.79,32.79,32.79,,
25.27,25.27,25.27,,
25.27,25.27,25.27,,
25.27,25.27,25.27,,
25.27,25.27,25.27,,
17.75,17.75,17.75,,
17.75,17.75,17.75,,
17.75,17.75,17.75,,
10.23,10.23,10.23,,
17.75,17.75,17.75,,
17.75,17.75,17.75,,
17.75,17.75,17.75,,
17.75,17.75,17.75,,
17.75,17.75,17.75,,
17.75,17.75,17.75,,
17.75,17.75,17.75,,
17.75,17.75,17.75,,
25.27,25.27,25.27,,
25.27,25.27,25.27,,
25.27,25.27,25.27,,
25.27,25.27,25.27,,
17.75,17.75,17.75,,
17.75,17.75,17.75,,
17.75,17.75,17.75,,
25.27,25.27,25.27,,
25.27,25.27,25.27,,
25.27,25.27,25.27,,
17.75,17.75,17.75,,
17.75,17.75,17.75,,
17.75,17.75,17.75,,
25.27,25.27,25.27,,
25.27,25.27,25.27,,
25.27,25.27,25.27,,
32.79,32.79,32.79,,
25.27,25.27,25.27,,
32.79,32.79,32.79,,
32.79,32.79,32.79,,
32.79,32.79,32.79,,
32.79,32.79,32.79,,
40.31,40.31,40.31,,
32.79,32.79,32.79,,
32.79,32.79,32.79,,
32.79,32.79,32.79,,
32.79,32.79,32.79,,
32.79,32.79,32.79,,
25.27,25.27,25.27,,
25.27,25.27,25.27,,
17.75,17.75,17.75,,
17.75,17.75,17.75,,
17.75,17.75,17.75,,
17.75,17.75,17.75,,
17.75,17.75,17.75,,
25.27,25.27,25.27,,
25.27,25.27,25.27,,
25.27,25.27,25.27,,
32.79,32.79,32.79,,
32.79,32.79,32.79,,
32.79,32.79,32.79,,
55.35,55.35,55.35,,
55.35,55.35,55.35,,
62.87,62.87,62.87,,
62.87,62.87,62.87,,
55.35,55.35,55.35,,
55.35,55.35,55.35,,
55.35,55.35,55.35,,
55.35,55.35,55.35,,
55.35,55.35,55.35,,
62.87,62.87,62.87,,
40.31,40.31,40.31,,
40.31,40.31,40.31,,
32.79,32.79,32.79,,
32.79,32.79,32.79,,
32.79,32.79,32.79,,
32.79,32.79,32.79,,
32.79,32.79,32.79,,
25.27,25.27,25.27,,
25.27,25.27,25.27,,
25.27,25.27,25.27,,
25.27,25.27,25.27,,
25.27,25.27,25.27,,
25.27,25.27,25.27,,
25.27,25.27,25.27,,
25.27,25.27,25.27,,
32.79,32.79,32.79,,
25.27,25.27,25.27,,
32.79,32.79,32.79,,
32.79,32.79,32.79,,
32.79,32.79,32.79,,
32.79,32.79,32.79,,
32.79,32.79,32.79,,
32.79,32.79,32.79,,
32.79,32.79,32.79,,
25.27,25.27,25.27,,
25.27,25.27,25.27,,
25.27,25.27,25.27,,
32.79,32.79,32.79,,
32.79,32.79,32.79,,
32.79,32.79,32.79,,
32.79,32.79,32.79,,
32.79,32.79,32.79,,
32.79,32.79,32.79,,
32.79,32.79,32.79,,
40.31,40.31,40.31,,
32.79,32.79,32.79,,
32.79,32.79,32.79,,
25.27,25.27,25.27,,
25.27,25.27,25.27,,
25.27,25.27,25.27,,
25.27,25.27,25.27,,
25.27,25.27,25.27,,
32.79,32.79,32.79,,
25.27,25.27,25.27,,
25.27,25.27,25.27,,
32.79,32.79,32.79,,
32.79,32.79,32.79,,
32.79,32.79,32.79,,
32.79,32.79,32.79,,
40.31,40.31,40.31,,
32.79,32.79,32.79,,
32.79,32.79,32.79,,
32.79,32.79,32.79,,
32.79,32.79,32.79,,
40.31,40.31,40.31,,
32.79,32.79,32.79,,
32.79,32.79,32.79,,
32.79,32.79,32.79,,
32.79,32.79,32.79,,
25.27,25.27,25.27,,
25.27,25.27,25.27,,
25.27,25.27,25.27,,
17.75,17.75,17.75,,
17.75,17.75,17.75,,
17.75,17.75,17.75,,
17.75,17.75,17.75,,
17.75,17.75,17.75,,
17.75,17.75,17.75,,
17.75,17.75,17.75,,
25.27,25.27,25.27,,
25.27,25.27,25.27,,
25.27,25.27,25.27,,
25.27,25.27,25.27,,
25.27,25.27,25.27,,
25.27,25.27,25.27,,
25.27,25.27,25.27,,
17.75,17.75,17.75,,
17.75,17.75,17.75,,
25.27,25.27,25.27,,
25.27,25.27,25.27,,
25.27,25.27,25.27,,
25.27,25.27,25.27,,
25.27,25.27,25.27,,
25.27,25.27,25.27,,
25.27,25.27,25.27,,
32.79,32.79,32.79,,
32.79,32.79,32.79,,
32.79,32.79,32.79,,
32.79,32.79,32.79,,
32.79,32.79,32.79,,
32.79,32.79,32.79,,
40.31,40.31,40.31,,
32.79,32.79,32.79,,
40.31,40.31,40.31,,
32.79,32.79,32.79,,
40.31,40.31,40.31,,
40.31,40.31,40.31,,
32.79,32.79,32.79,,
32.79,32.79,32.79,,
32.79,32.79,32.79,,
40.31,40.31,40.31,,
40.31,40.31,40.31,,
40.31,40.31,40.31,,
32.79,32.79,32.79,,
32.79,32.79,32.79,,
32.79,32.79,32.79,,
25.27,25.27,25.27,,
25.27,25.27,25.27,,
25.27,25.27,25.27,,
25.27,25.27,25.27,,
25.27,25.27,25.27,,
17.75,17.75,17.75,,
17.75,17.75,17.75,,
17.75,17.75,17.75,,
17.75,17.75,17.75,,
25.27,25.27,25.27,,
25.27,25.27,25.27,,
25.27,25.27,25.27,,
25.27,25.27,25.27,,
25.27,25.27,25.27,,
17.75,17.75,17.75,,
25.27,25.27,25.27,,
25.27,25.27,25.27,,
25.27,25.27,25.27,,
32.79,32.79,32.79,,
25.27,25.27,25.27,,
25.27,25.27,25.27,,
25.27,25.27,25.27,,
32.79,32.79,32.79,,
32.79,32.79,32.79,,
32.79,32.79,32.79,,
32.79,32.79,32.79,,
32.79,32.79,32.79,,
32.79,32.79,32.79,,
25.27,25.27,25.27,,
25.27,25.27,25.27,,
25.27,25.27,25.27,,
25.27,25.27,25.27,,
25.27,25.27,25.27,,
25.27,25.27,25.27,,
25.27,25.27,25.27,,
25.27,25.27,25.27,,
25.27,25.27,25.27,,
25.27,25.27,25.27,,
25.27,25.27,25.27,,
25.27,25.27,25.27,,
25.27,25.27,25.27,,
17.75,17.75,17.75,,
17.75,17.75,17.75,,
25.27,25.27,25.27,,
25.27,25.27,25.27,,
25.27,25.27,25.27,,
17.75,17.75,17.75,,
32.79,32.79,32.79,,
32.79,32.79,32.79,,
40.31,40.31,40.31,,
40.31,40.31,40.31,,
47.83,47.83,47.83,,
47.83,47.83,47.83,,
40.31,40.31,40.31,,
40.31,40.31,40.31,,
40.31,40.31,40.31,,
40.31,40.31,40.31,,
32.79,32.79,32.79,,
25.27,25.27,25.27,,
25.27,25.27,25.27,,
25.27,25.27,25.27,,
17.75,17.75,17.75,,
25.27,25.27,25.27,,
17.75,17.75,17.75,,
17.75,17.75,17.75,,
17.75,17.75,17.75,,
17.75,17.75,17.75,,
17.75,17.75,17.75,,
17.75,17.75,17.75,,
17.75,17.75,17.75,,
10.23,10.23,10.23,,
17.75,17.75,17.75,,
10.23,10.23,10.23,,
17.75,17.75,17.75,,
17.75,17.75,17.75,,
17.75,17.75,17.75,,
17.75,17.75,17.75,,
25.27,25.27,25.27,,
25.27,25.27,25.27,,
25.27,25.27,25.27,,
25.27,25.27,25.27,,
25.27,25.27,25.27,,
25.27,25.27,25.27,,
25.27,25.27,25.27,,
25.27,25.27,25.27,,
25.27,25.27,25.27,,
32.79,32.79,32.79,,
25.27,25.27,25.27,,
32.79,32.79,32.79,,
32.79,32.79,32.79,,
25.27,25.27,25.27,,
25.27,25.27,25.27,,
25.27,25.27,25.27,,
25.27,25.27,25.27,,
25.27,25.27,25.27,,
25.27,25.27,25.27,,
17.75,17.75,17.75,,
17.75,17.75,17.75,,
17.75,17.75,17.75,,
17.75,17.75,17.75,,
25.27,25.27,25.27,,
25.27,25.27,25.27,,
17.75,17.75,17.75,,
25.27,25.27,25.27,,
25.27,25.27,25.27,,
25.27,25.27,25.27,,
25.27,25.27,25.27,,
25.27,25.27,25.27,,
25.27,25.27,25.27,,
17.75,17.75,17.75,,
17.75,17.75,17.75,,
17.75,17.75,17.75,,
17.75,17.75,17.75,,
17.75,17.75,17.75,,
17.75,17.75,17.75,,
17.75,17.75,17.75,,
17.75,17.75,17.75,,
25.27,25.27,25.27,,
25.27,25.27,25.27,,
32.79,32.79,32.79,,
32.79,32.79,32.79,,
32.79,32.79,32.79,,
32.79,32.79,32.79,,
70.39,70.39,70.39,,
70.39,70.39,70.39,,
62.87,62.87,62.87,,
70.39,70.39,70.39,,
62.87,62.87,62.87,,
70.39,70.39,70.39,,
62.87,62.87,62.87,,
62.87,62.87,62.87,,
62.87,62.87,62.87,,
62.87,62.87,62.87,,
25.27,25.27,25.27,,
25.27,25.27,25.27,,
25.27,25.27,25.27,,
25.27,25.27,25.27,,
25.27,25.27,25.27,,
17.75,17.75,17.75,,
17.75,17.75,17.75,,
25.27,25.27,25.27,,
25.27,25.27,25.27,,
25.27,25.27,25.27,,
25.27,25.27,25.27,,
32.79,32.79,32.79,,
25.27,25.27,25.27,,
25.27,25.27,25.27,,
25.27,25.27,25.27,,
32.79,32.79,32.79,,
40.31,40.31,40.31,,
40.31,40.31,40.31,,
40.31,40.31,40.31,,
40.31,40.31,40.31,,
40.31,40.31,40.31,,
32.79,32.79,32.79,,
40.31,40.31,40.31,,
40.31,40.31,40.31,,
32.79,32.79,32.79,,
32.79,32.79,32.79,,
25.27,25.27,25.27,,
25.27,25.27,25.27,,
25.27,25.27,25.27,,
25.27,25.27,25.27,,
25.27,25.27,25.27,,
25.27,25.27,25.27,,
17.75,17.75,17.75,,
17.75,17.75,17.75,,
25.27,25.27,25.27,,
17.75,17.75,17.75,,
25.27,25.27,25.27,,
25.27,25.27,25.27,,
32.79,32.79,32.79,,
25.27,25.27,25.27,,
25.27,25.27,25.27,,
25.27,25.27,25.27,,
32.79,32.79,32.79,,
25.27,25.27,25.27,,
25.27,25.27,25.27,,
25.27,25.27,25.27,,
25.27,25.27,25.27,,
25.27,25.27,25.27,,
17.75,17.75,17.75,,
25.27,25.27,25.27,,
25.27,25.27,25.27,,
32.79,32.79,32.79,,
32.79,32.79,32.79,,
25.27,25.27,25.27,,
32.79,32.79,32.79,,
32.79,32.79,32.79,,
32.79,32.79,32.79,,
32.79,32.79,32.79,,
32.79,32.79,32.79,,
32.79,32.79,32.79,,
25.27,25.27,25.27,,
32.79,32.79,32.79,,
25.27,25.27,25.27,,
32.79,32.79,32.79,,
25.27,25.27,25.27,,
25.27,25.27,25.27,,
25.27,25.27,25.27,,
17.75,17.75,17.75,,
17.75,17.75,17.75,,
25.27,25.27,25.27,,
25.27,25.27,25.27,,
25.27,25.27,25.27,,
25.27,25.27,25.27,,
25.27,25.27,25.27,,
25.27,25.27,25.27,,
25.27,25.27,25.27,,
25.27,25.27,25.27,,
25.27,25.27,25.27,,
32.79,32.79,32.79,,
25.27,25.27,25.27,,
25.27,25.27,25.27,,
25.27,25.27,25.27,,
17.75,17.75,17.75,,
17.75,17.75,17.75,,
17.75,17.75,17.75,,
25.27,25.27,25.27,,
17.75,17.75,17.75,,
25.27,25.27,25.27,,
25.27,25.27,25.27,,
25.27,25.27,25.27,,
25.27,25.27,25.27,,
25.27,25.27,25.27,,
32.79,32.79,32.79,,
40.31,40.31,40.31,,
40.31,40.31,40.31,,
40.31,40.31,40.31,,
55.35,55.35,55.35,,
47.83,47.83,47.83,,
47.83,47.83,47.83,,
55.35,55.35,55.35,,
55.35,55.35,55.35,,
55.35,55.35,55.35,,
55.35,55.35,55.35,,
55.35,55.35,55.35,,
55.35,55.35,55.35,,
55.35,55.35,55.35,,
47.83,47.83,47.83,,
47.83,47.83,47.83,,
40.31,40.31,40.31,,
40.31,40.31,40.31,,
40.31,40.31,40.31,,
40.31,40.31,40.31,,
32.79,32.79,32.79,,
32.79,32.79,32.79,,
32.79,32.79,32.79,,
40.31,40.31,40.31,,
77.91,77.91,77.91,,
115.51,115.51,115.51,,
153.11,153.11,153.11,,
183.18,183.18,183.18,,
198.22,198.22,198.22,,
220.78,220.78,220.78,,
243.34,243.34,243.34,,
265.9,265.9,265.9,,
273.42,273.42,273.42,,
280.94,280.94,280.94,,
280.94,280.94,280.94,,
258.38,258.38,258.38,,
250.86,250.86,250.86,,
258.38,258.38,258.38,,
265.9,265.9,265.9,,
273.42,273.42,273.42,,
280.94,280.94,280.94,,
288.46,288.46,288.46,,
318.54,318.54,318.54,,
348.61,348.61,348.61,,
341.09,341.09,341.09,,
371.17,371.17,371.17,,
371.17,371.17,371.17,,
371.17,371.17,371.17,,
371.17,371.17,371.17,,
378.69,378.69,378.69,,
378.69,378.69,378.69,,
378.69,378.69,378.69,,
386.21,386.21,386.21,,
386.21,386.21,386.21,,
386.21,386.21,386.21,,
386.21,386.21,386.21,,
386.21,386.21,386.21,,
386.21,386.21,386.21,,
386.21,386.21,386.21,,
386.21,386.21,386.21,,
386.21,386.21,386.21,,
386.21,386.21,386.21,,
386.21,386.21,386.21,,
386.21,386.21,386.21,,
386.21,386.21,386.21,,
386.21,386.21,386.21,,
386.21,386.21,386.21,,
386.21,386.21,386.21,,
386.21,386.21,386.21,,
386.21,386.21,386.21,,
393.73,393.73,393.73,,
393.73,393.73,393.73,,
393.73,393.73,393.73,,
386.21,386.21,386.21,,
386.21,386.21,386.21,,
363.65,363.65,363.65,,
356.13,356.13,356.13,,
356.13,356.13,356.13,,
333.57,333.57,333.57,,
326.05,326.05,326.05,,
326.05,326.05,326.05,,
303.5,303.5,303.5,,
303.5,303.5,303.5,,
303.5,303.5,303.5,,
303.5,303.5,303.5,,
288.46,288.46,288.46,,
273.42,273.42,273.42,,
258.38,258.38,258.38,,
250.86,250.86,250.86,,
228.3,228.3,228.3,,
198.22,198.22,198.22,,
190.7,190.7,190.7,,
153.11,153.11,153.11,,
123.03,123.03,123.03,,
92.95,92.95,92.95,,
85.43,85.43,85.43,,
70.39,70.39,70.39,,
55.35,55.35,55.35,,
62.87,62.87,62.87,,
62.87,62.87,62.87,,
55.35,55.35,55.35,,
55.35,55.35,55.35,,
47.83,47.83,47.83,,
47.83,47.83,47.83,,
47.83,47.83,47.83,,
55.35,55.35,55.35,,
47.83,47.83,47.83,,
47.83,47.83,47.83,,
32.79,32.79,32.79,,
32.79,32.79,32.79,,
32.79,32.79,32.79,,
40.31,40.31,40.31,,
40.31,40.31,40.31,,
32.79,32.79,32.79,,
32.79,32.79,32.79,,
32.79,32.79,32.79,,
32.79,32.79,32.79,,
25.27,25.27,25.27,,
32.79,32.79,32.79,,
25.27,25.27,25.27,,
25.27,25.27,25.27,,
25.27,25.27,25.27,,
25.27,25.27,25.27,,
32.79,32.79,32.79,,
32.79,32.79,32.79,,
32.79,32.79,32.79,,
32.79,32.79,32.79,,
32.79,32.79,32.79,,
32.79,32.79,32.79,,
40.31,40.31,40.31,,
32.79,32.79,32.79,,
32.79,32.79,32.79,,
32.79,32.79,32.79,,
32.79,32.79,32.79,,
32.79,32.79,32.79,,
32.79,32.79,32.79,,
32.79,32.79,32.79,,
32.79,32.79,32.79,,
32.79,32.79,32.79,,
32.79,32.79,32.79,,
32.79,32.79,32.79,,
32.79,32.79,32.79,,
32.79,32.79,32.79,,
25.27,25.27,25.27,,
25.27,25.27,25.27,,
25.27,25.27,25.27,,
25.27,25.27,25.27,,
25.27,25.27,25.27,,
25.27,25.27,25.27,,
25.27,25.27,25.27,,
25.27,25.27,25.27,,
25.27,25.27,25.27,,
25.27,25.27,25.27,,
25.27,25.27,25.27,,
25.27,25.27,25.27,,
25.27,25.27,25.27,,
25.27,25.27,25.27,,
25.27,25.27,25.27,,
17.75,17.75,17.75,,
25.27,25.27,25.27,,
25.27,25.27,25.27,,
25.27,25.27,25.27,,
25.27,25.27,25.27,,
25.27,25.27,25.27,,
32.79,32.79,32.79,,
25.27,25.27,25.27,,
25.27,25.27,25.27,,
32.79,32.79,32.79,,
25.27,25.27,25.27,,
32.79,32.79,32.79,,
25.27,25.27,25.27,,
32.79,32.79,32.79,,
32.79,32.79,32.79,,
32.79,32.79,32.79,,
32.79,32.79,32.79,,
32.79,32.79,32.79,,
32.79,32.79,32.79,,
25.27,25.27,25.27,,
32.79,32.79,32.79,,
32.79,32.79,32.79,,
32.79,32.79,32.79,,
25.27,25.27,25.27,,
25.27,25.27,25.27,,
25.27,25.27,25.27,,
25.27,25.27,25.27,,
25.27,25.27,25.27,,
25.27,25.27,25.27,,
25.27,25.27,25.27,,
17.75,17.75,17.75,,
17.75,17.75,17.75,,
17.75,17.75,17.75,,
25.27,25.27,25.27,,
25.27,25.27,25.27,,
25.27,25.27,25.27,,
25.27,25.27,25.27,,
25.27,25.27,25.27,,
25.27,25.27,25.27,,
25.27,25.27,25.27,,
25.27,25.27,25.27,,
25.27,25.27,25.27,,
25.27,25.27,25.27,,
32.79,32.79,32.79,,
32.79,32.79,32.79,,
32.79,32.79,32.79,,
32.79,32.79,32.79,,
25.27,25.27,25.27,,
32.79,32.79,32.79,,
40.31,40.31,40.31,,
40.31,40.31,40.31,,
47.83,47.83,47.83,,
47.83,47.83,47.83,,
40.31,40.31,40.31,,
40.31,40.31,40.31,,
40.31,40.31,40.31,,
40.31,40.31,40.31,,
40.31,40.31,40.31,,
32.79,32.79,32.79,,
32.79,32.79,32.79,,
25.27,25.27,25.27,,
25.27,25.27,25.27,,
25.27,25.27,25.27,,
25.27,25.27,25.27,,
25.27,25.27,25.27,,
25.27,25.27,25.27,,
25.27,25.27,25.27,,
25.27,25.27,25.27,,
25.27,25.27,25.27,,
25.27,25.27,25.27,,
25.27,25.27,25.27,,
25.27,25.27,25.27,,
25.27,25.27,25.27,,
25.27,25.27,25.27,,
25.27,25.27,25.27,,
25.27,25.27,25.27,,
25.27,25.27,25.27,,
25.27,25.27,25.27,,
25.27,25.27,25.27,,
25.27,25.27,25.27,,
32.79,32.79,32.79,,
25.27,25.27,25.27,,
25.27,25.27,25.27,,
25.27,25.27,25.27,,
25.27,25.27,25.27,,
25.27,25.27,25.27,,
25.27,25.27,25.27,,
25.27,25.27,25.27,,
25.27,25.27,25.27,,
25.27,25.27,25.27,,
25.27,25.27,25.27,,
32.79,32.79,32.79,,
32.79,32.79,32.79,,
32.79,32.79,32.79,,
32.79,32.79,32.79,,
32.79,32.79,32.79,,
32.79,32.79,32.79,,
32.79,32.79,32.79,,
32.79,32.79,32.79,,
25.27,25.27,25.27,,
25.27,25.27,25.27,,
25.27,25.27,25.27,,
25.27,25.27,25.27,,
25.27,25.27,25.27,,
25.27,25.27,25.27,,
25.27,25.27,25.27,,
25.27,25.27,25.27,,
25.27,25.27,25.27,,
25.27,25.27,25.27,,
25.27,25.27,25.27,,
25.27,25.27,25.27,,
25.27,25.27,25.27,,
25.27,25.27,25.27,,
25.27,25.27,25.27,,
25.27,25.27,25.27,,
25.27,25.27,25.27,,
25.27,25.27,25.27,,
25.27,25.27,25.27,,
32.79,32.79,32.79,,
32.79,32.79,32.79,,
32.79,32.79,32.79,,
32.79,32.79,32.79,,
32.79,32.79,32.79,,
32.79,32.79,32.79,,
32.79,32.79,32.79,,
32.79,32.79,32.79,,
32.79,32.79,32.79,,
32.79,32.79,32.79,,
25.27,25.27,25.27,,
25.27,25.27,25.27,,
32.79,32.79,32.79,,
32.79,32.79,32.79,,
32.79,32.79,32.79,,
40.31,40.31,40.31,,
40.31,40.31,40.31,,
32.79,32.79,32.79,,
32.79,32.79,32.79,,
32.79,32.79,32.79,,
32.79,32.79,32.79,,
32.79,32.79,32.79,,
32.79,32.79,32.79,,
25.27,25.27,25.27,,
25.27,25.27,25.27,,
25.27,25.27,25.27,,
25.27,25.27,25.27,,
25.27,25.27,25.27,,
32.79,32.79,32.79,,
32.79,32.79,32.79,,
32.79,32.79,32.79,,
40.31,40.31,40.31,,
32.79,32.79,32.79,,
32.79,32.79,32.79,,
40.31,40.31,40.31,,
32.79,32.79,32.79,,
32.79,32.79,32.79,,
32.79,32.79,32.79,,
32.79,32.79,32.79,,
32.79,32.79,32.79,,
32.79,32.79,32.79,,
25.27,25.27,25.27,,
32.79,32.79,32.79,,
32.79,32.79,32.79,,
32.79,32.79,32.79,,
40.31,40.31,40.31,,
40.31,40.31,40.31,,
40.31,40.31,40.31,,
40.31,40.31,40.31,,
40.31,40.31,40.31,,
32.79,32.79,32.79,,
40.31,40.31,40.31,,
25.27,25.27,25.27,,
32.79,32.79,32.79,,
55.35,55.35,55.35,,
47.83,47.83,47.83,,
55.35,55.35,55.35,,
47.83,47.83,47.83,,
47.83,47.83,47.83,,
47.83,47.83,47.83,,
47.83,47.83,47.83,,
47.83,47.83,47.83,,
47.83,47.83,47.83,,
47.83,47.83,47.83,,
17.75,17.75,17.75,,
17.75,17.75,17.75,,
17.75,17.75,17.75,,
17.75,17.75,17.75,,
17.75,17.75,17.75,,
25.27,25.27,25.27,,
25.27,25.27,25.27,,
25.27,25.27,25.27,,
25.27,25.27,25.27,,
32.79,32.79,32.79,,
32.79,32.79,32.79,,
32.79,32.79,32.79,,
40.31,40.31,40.31,,
32.79,32.79,32.79,,
32.79,32.79,32.79,,
40.31,40.31,40.31,,
40.31,40.31,40.31,,
40.31,40.31,40.31,,
40.31,40.31,40.31,,
40.31,40.31,40.31,,
40.31,40.31,40.31,,
40.31,40.31,40.31,,
32.79,32.79,32.79,,
40.31,40.31,40.31,,
40.31,40.31,40.31,,
32.79,32.79,32.79,,
32.79,32.79,32.79,,
32.79,32.79,32.79,,
62.87,62.87,62.87,,
62.87,62.87,62.87,,
62.87,62.87,62.87,,
70.39,70.39,70.39,,
70.39,70.39,70.39,,
70.39,70.39,70.39,,
70.39,70.39,70.39,,
70.39,70.39,70.39,,
70.39,70.39,70.39,,
62.87,62.87,62.87,,
40.31,40.31,40.31,,
40.31,40.31,40.31,,
32.79,32.79,32.79,,
32.79,32.79,32.79,,
25.27,25.27,25.27,,
25.27,25.27,25.27,,
17.75,17.75,17.75,,
25.27,25.27,25.27,,
25.27,25.27,25.27,,
25.27,25.27,25.27,,
25.27,25.27,25.27,,
25.27,25.27,25.27,,
25.27,25.27,25.27,,
25.27,25.27,25.27,,
25.27,25.27,25.27,,
25.27,25.27,25.27,,
25.27,25.27,25.27,,
25.27,25.27,25.27,,
25.27,25.27,25.27,,
25.27,25.27,25.27,,
25.27,25.27,25.27,,
25.27,25.27,25.27,,
25.27,25.27,25.27,,
25.27,25.27,25.27,,
25.27,25.27,25.27,,
25.27,25.27,25.27,,
25.27,25.27,25.27,,
25.27,25.27,25.27,,
25.27,25.27,25.27,,
25.27,25.27,25.27,,
17.75,17.75,17.75,,
17.75,17.75,17.75,,
17.75,17.75,17.75,,
17.75,17.75,17.75,,
17.75,17.75,17.75,,
17.75,17.75,17.75,,
17.75,17.75,17.75,,
17.75,17.75,17.75,,
10.23,10.23,10.23,,
17.75,17.75,17.75,,
17.75,17.75,17.75,,
25.27,25.27,25.27,,
25.27,25.27,25.27,,
25.27,25.27,25.27,,
25.27,25.27,25.27,,
32.79,32.79,32.79,,
32.79,32.79,32.79,,
32.79,32.79,32.79,,
32.79,32.79,32.79,,
25.27,25.27,25.27,,
25.27,25.27,25.27,,
17.75,17.75,17.75,,
25.27,25.27,25.27,,
25.27,25.27,25.27,,
25.27,25.27,25.27,,
25.27,25.27,25.27,,
17.75,17.75,17.75,,
25.27,25.27,25.27,,
25.27,25.27,25.27,,
32.79,32.79,32.79,,
32.79,32.79,32.79,,
32.79,32.79,32.79,,
32.79,32.79,32.79,,
32.79,32.79,32.79,,
32.79,32.79,32.79,,
32.79,32.79,32.79,,
32.79,32.79,32.79,,
17.75,17.75,17.75,,
25.27,25.27,25.27,,
25.27,25.27,25.27,,
25.27,25.27,25.27,,
25.27,25.27,25.27,,
25.27,25.27,25.27,,
25.27,25.27,25.27,,
25.27,25.27,25.27,,
25.27,25.27,25.27,,
25.27,25.27,25.27,,
25.27,25.27,25.27,,
25.27,25.27,25.27,,
25.27,25.27,25.27,,
25.27,25.27,25.27,,
25.27,25.27,25.27,,
25.27,25.27,25.27,,
25.27,25.27,25.27,,
32.79,32.79,32.79,,
32.79,32.79,32.79,,
40.31,40.31,40.31,,
40.31,40.31,40.31,,
40.31,40.31,40.31,,
40.31,40.31,40.31,,
40.31,40.31,40.31,,
47.83,47.83,47.83,,
47.83,47.83,47.83,,
55.35,55.35,55.35,,
47.83,47.83,47.83,,
40.31,40.31,40.31,,
40.31,40.31,40.31,,
40.31,40.31,40.31,,
40.31,40.31,40.31,,
40.31,40.31,40.31,,
32.79,32.79,32.79,,
32.79,32.79,32.79,,
32.79,32.79,32.79,,
25.27,25.27,25.27,,
25.27,25.27,25.27,,
32.79,32.79,32.79,,
32.79,32.79,32.79,,
25.27,25.27,25.27,,
25.27,25.27,25.27,,
32.79,32.79,32.79,,
32.79,32.79,32.79,,
32.79,32.79,32.79,,
32.79,32.79,32.79,,
32.79,32.79,32.79,,
40.31,40.31,40.31,,
40.31,40.31,40.31,,
40.31,40.31,40.31,,
32.79,32.79,32.79,,
40.31,40.31,40.31,,
32.79,32.79,32.79,,
25.27,25.27,25.27,,
32.79,32.79,32.79,,
32.79,32.79,32.79,,
25.27,25.27,25.27,,
32.79,32.79,32.79,,
25.27,25.27,25.27,,
25.27,25.27,25.27,,
32.79,32.79,32.79,,
25.27,25.27,25.27,,
32.79,32.79,32.79,,
32.79,32.79,32.79,,
25.27,25.27,25.27,,
32.79,32.79,32.79,,
32.79,32.79,32.79,,
25.27,25.27,25.27,,
32.79,32.79,32.79,,
25.27,25.27,25.27,,
25.27,25.27,25.27,,
25.27,25.27,25.27,,
25.27,25.27,25.27,,
25.27,25.27,25.27,,
25.27,25.27,25.27,,
25.27,25.27,25.27,,
25.27,25.27,25.27,,
25.27,25.27,25.27,,
25.27,25.27,25.27,,
25.27,25.27,25.27,,
25.27,25.27,25.27,,
25.27,25.27,25.27,,
25.27,25.27,25.27,,
25.27,25.27,25.27,,
25.27,25.27,25.27,,
25.27,25.27,25.27,,
25.27,25.27,25.27,,
25.27,25.27,25.27,,
25.27,25.27,25.27,,
25.27,25.27,25.27,,
32.79,32.79,32.79,,
32.79,32.79,32.79,,
25.27,25.27,25.27,,
25.27,25.27,25.27,,
32.79,32.79,32.79,,
32.79,32.79,32.79,,
32.79,32.79,32.79,,
32.79,32.79,32.79,,
40.31,40.31,40.31,,
32.79,32.79,32.79,,
32.79,32.79,32.79,,
32.79,32.79,32.79,,
40.31,40.31,40.31,,
32.79,32.79,32.79,,
32.79,32.79,32.79,,
32.79,32.79,32.79,,
32.79,32.79,32.79,,
25.27,25.27,25.27,,
25.27,25.27,25.27,,
25.27,25.27,25.27,,
25.27,25.27,25.27,,
17.75,17.75,17.75,,
17.75,17.75,17.75,,
25.27,25.27,25.27,,
25.27,25.27,25.27,,
25.27,25.27,25.27,,
25.27,25.27,25.27,,
25.27,25.27,25.27,,
25.27,25.27,25.27,,
25.27,25.27,25.27,,
25.27,25.27,25.27,,
25.27,25.27,25.27,,
25.27,25.27,25.27,,
25.27,25.27,25.27,,
32.79,32.79,32.79,,
32.79,32.79,32.79,,
32.79,32.79,32.79,,
32.79,32.79,32.79,,
32.79,32.79,32.79,,
32.79,32.79,32.79,,
32.79,32.79,32.79,,
40.31,40.31,40.31,,
40.31,40.31,40.31,,
40.31,40.31,40.31,,
32.79,32.79,32.79,,
32.79,32.79,32.79,,
32.79,32.79,32.79,,
32.79,32.79,32.79,,
25.27,25.27,25.27,,
25.27,25.27,25.27,,
32.79,32.79,32.79,,
25.27,25.27,25.27,,
32.79,32.79,32.79,,
32.79,32.79,32.79,,
40.31,40.31,40.31,,
32.79,32.79,32.79,,
32.79,32.79,32.79,,
32.79,32.79,32.79,,
32.79,32.79,32.79,,
32.79,32.79,32.79,,
32.79,32.79,32.79,,
32.79,32.79,32.79,,
25.27,25.27,25.27,,
25.27,25.27,25.27,,
17.75,17.75,17.75,,
17.75,17.75,17.75,,
17.75,17.75,17.75,,
25.27,25.27,25.27,,
25.27,25.27,25.27,,
25.27,25.27,25.27,,
25.27,25.27,25.27,,
32.79,32.79,32.79,,
25.27,25.27,25.27,,
32.79,32.79,32.79,,
32.79,32.79,32.79,,
32.79,32.79,32.79,,
32.79,32.79,32.79,,
32.79,32.79,32.79,,
32.79,32.79,32.79,,
32.79,32.79,32.79,,
25.27,25.27,25.27,,
25.27,25.27,25.27,,
25.27,25.27,25.27,,
25.27,25.27,25.27,,
25.27,25.27,25.27,,
25.27,25.27,25.27,,
17.75,17.75,17.75,,
17.75,17.75,17.75,,
25.27,25.27,25.27,,
25.27,25.27,25.27,,
25.27,25.27,25.27,,
32.79,32.79,32.79,,
25.27,25.27,25.27,,
32.79,32.79,32.79,,
32.79,32.79,32.79,,
25.27,25.27,25.27,,
25.27,25.27,25.27,,
25.27,25.27,25.27,,
32.79,32.79,32.79,,
25.27,25.27,25.27,,
32.79,32.79,32.79,,
25.27,25.27,25.27,,
25.27,25.27,25.27,,
17.75,17.75,17.75,,
17.75,17.75,17.75,,
17.75,17.75,17.75,,
17.75,17.75,17.75,,
25.27,25.27,25.27,,
17.75,17.75,17.75,,
17.75,17.75,17.75,,
17.75,17.75,17.75,,
17.75,17.75,17.75,,
17.75,17.75,17.75,,
25.27,25.27,25.27,,
17.75,17.75,17.75,,
17.75,17.75,17.75,,
17.75,17.75,17.75,,
17.75,17.75,17.75,,
17.75,17.75,17.75,,
17.75,17.75,17.75,,
17.75,17.75,17.75,,
17.75,17.75,17.75,,
17.75,17.75,17.75,,
17.75,17.75,17.75,,
17.75,17.75,17.75,,
17.75,17.75,17.75,,
17.75,17.75,17.75,,
17.75,17.75,17.75,,
25.27,25.27,25.27,,
25.27,25.27,25.27,,
17.75,17.75,17.75,,
25.27,25.27,25.27,,
25.27,25.27,25.27,,
25.27,25.27,25.27,,
32.79,32.79,32.79,,
32.79,32.79,32.79,,
32.79,32.79,32.79,,
32.79,32.79,32.79,,
25.27,25.27,25.27,,
32.79,32.79,32.79,,
32.79,32.79,32.79,,
32.79,32.79,32.79,,
25.27,25.27,25.27,,
25.27,25.27,25.27,,
25.27,25.27,25.27,,
25.27,25.27,25.27,,
32.79,32.79,32.79,,
25.27,25.27,25.27,,
25.27,25.27,25.27,,
25.27,25.27,25.27,,
25.27,25.27,25.27,,
25.27,25.27,25.27,,
25.27,25.27,25.27,,
25.27,25.27,25.27,,
25.27,25.27,25.27,,
25.27,25.27,25.27,,
25.27,25.27,25.27,,
25.27,25.27,25.27,,
25.27,25.27,25.27,,
25.27,25.27,25.27,,
25.27,25.27,25.27,,
25.27,25.27,25.27,,
25.27,25.27,25.27,,
25.27,25.27,25.27,,
25.27,25.27,25.27,,
25.27,25.27,25.27,,
25.27,25.27,25.27,,
25.27,25.27,25.27,,
32.79,32.79,32.79,,
25.27,25.27,25.27,,
32.79,32.79,32.79,,
32.79,32.79,32.79,,
25.27,25.27,25.27,,
25.27,25.27,25.27,,
25.27,25.27,25.27,,
25.27,25.27,25.27,,
25.27,25.27,25.27,,
25.27,25.27,25.27,,
25.27,25.27,25.27,,
25.27,25.27,25.27,,
25.27,25.27,25.27,,
25.27,25.27,25.27,,
32.79,32.79,32.79,,
32.79,32.79,32.79,,
32.79,32.79,32.79,,
25.27,25.27,25.27,,
25.27,25.27,25.27,,
25.27,25.27,25.27,,
32.79,32.79,32.79,,
25.27,25.27,25.27,,
32.79,32.79,32.79,,
32.79,32.79,32.79,,
25.27,25.27,25.27,,
32.79,32.79,32.79,,
25.27,25.27,25.27,,
32.79,32.79,32.79,,
32.79,32.79,32.79,,
25.27,25.27,25.27,,
32.79,32.79,32.79,,
32.79,32.79,32.79,,
25.27,25.27,25.27,,
32.79,32.79,32.79,,
32.79,32.79,32.79,,
25.27,25.27,25.27,,
32.79,32.79,32.79,,
32.79,32.79,32.79,,
40.31,40.31,40.31,,
40.31,40.31,40.31,,
40.31,40.31,40.31,,
40.31,40.31,40.31,,
40.31,40.31,40.31,,
32.79,32.79,32.79,,
32.79,32.79,32.79,,
40.31,40.31,40.31,,
32.79,32.79,32.79,,
25.27,25.27,25.27,,
25.27,25.27,25.27,,
17.75,17.75,17.75,,
25.27,25.27,25.27,,
25.27,25.27,25.27,,
25.27,25.27,25.27,,
32.79,32.79,32.79,,
32.79,32.79,32.79,,
25.27,25.27,25.27,,
25.27,25.27,25.27,,
25.27,25.27,25.27,,
25.27,25.27,25.27,,
32.79,32.79,32.79,,
25.27,25.27,25.27,,
25.27,25.27,25.27,,
25.27,25.27,25.27,,
25.27,25.27,25.27,,
25.27,25.27,25.27,,
32.79,32.79,32.79,,
32.79,32.79,32.79,,
32.79,32.79,32.79,,
32.79,32.79,32.79,,
32.79,32.79,32.79,,
32.79,32.79,32.79,,
32.79,32.79,32.79,,
40.31,40.31,40.31,,
32.79,32.79,32.79,,
32.79,32.79,32.79,,
25.27,25.27,25.27,,
25.27,25.27,25.27,,
25.27,25.27,25.27,,
32.79,32.79,32.79,,
32.79,32.79,32.79,,
32.79,32.79,32.79,,
32.79,32.79,32.79,,
32.79,32.79,32.79,,
40.31,40.31,40.31,,
40.31,40.31,40.31,,
40.31,40.31,40.31,,
40.31,40.31,40.31,,
32.79,32.79,32.79,,
32.79,32.79,32.79,,
32.79,32.79,32.79,,
32.79,32.79,32.79,,
32.79,32.79,32.79,,
25.27,25.27,25.27,,
25.27,25.27,25.27,,
25.27,25.27,25.27,,
25.27,25.27,25.27,,
17.75,17.75,17.75,,
25.27,25.27,25.27,,
25.27,25.27,25.27,,
25.27,25.27,25.27,,
17.75,17.75,17.75,,
17.75,17.75,17.75,,
25.27,25.27,25.27,,
17.75,17.75,17.75,,
25.27,25.27,25.27,,
17.75,17.75,17.75,,
25.27,25.27,25.27,,
17.75,17.75,17.75,,
17.75,17.75,17.75,,
17.75,17.75,17.75,,
17.75,17.75,17.75,,
17.75,17.75,17.75,,
17.75,17.75,17.75,,
17.75,17.75,17.75,,
17.75,17.75,17.75,,
17.75,17.75,17.75,,
17.75,17.75,17.75,,
17.75,17.75,17.75,,
17.75,17.75,17.75,,
17.75,17.75,17.75,,
17.75,17.75,17.75,,
17.75,17.75,17.75,,
25.27,25.27,25.27,,
25.27,25.27,25.27,,
25.27,25.27,25.27,,
25.27,25.27,25.27,,
25.27,25.27,25.27,,
25.27,25.27,25.27,,
25.27,25.27,25.27,,
25.27,25.27,25.27,,
25.27,25.27,25.27,,
25.27,25.27,25.27,,
17.75,17.75,17.75,,
17.75,17.75,17.75,,
25.27,25.27,25.27,,
25.27,25.27,25.27,,
25.27,25.27,25.27,,
32.79,32.79,32.79,,
32.79,32.79,32.79,,
32.79,32.79,32.79,,
32.79,32.79,32.79,,
32.79,32.79,32.79,,
32.79,32.79,32.79,,
32.79,32.79,32.79,,
25.27,25.27,25.27,,
25.27,25.27,25.27,,
25.27,25.27,25.27,,
25.27,25.27,25.27,,
25.27,25.27,25.27,,
32.79,32.79,32.79,,
25.27,25.27,25.27,,
25.27,25.27,25.27,,
25.27,25.27,25.27,,
32.79,32.79,32.79,,
25.27,25.27,25.27,,
32.79,32.79,32.79,,
32.79,32.79,32.79,,
32.79,32.79,32.79,,
32.79,32.79,32.79,,
47.83,47.83,47.83,,
47.83,47.83,47.83,,
47.83,47.83,47.83,,
47.83,47.83,47.83,,
47.83,47.83,47.83,,
55.35,55.35,55.35,,
55.35,55.35,55.35,,
55.35,55.35,55.35,,
55.35,55.35,55.35,,
47.83,47.83,47.83,,
32.79,32.79,32.79,,
32.79,32.79,32.79,,
32.79,32.79,32.79,,
25.27,25.27,25.27,,
25.27,25.27,25.27,,
25.27,25.27,25.27,,
17.75,17.75,17.75,,
10.23,10.23,10.23,,
17.75,17.75,17.75,,
17.75,17.75,17.75,,
17.75,17.75,17.75,,
17.75,17.75,17.75,,
25.27,25.27,25.27,,
25.27,25.27,25.27,,
25.27,25.27,25.27,,
25.27,25.27,25.27,,
25.27,25.27,25.27,,
25.27,25.27,25.27,,
32.79,32.79,32.79,,
32.79,32.79,32.79,,
32.79,32.79,32.79,,
32.79,32.79,32.79,,
25.27,25.27,25.27,,
25.27,25.27,25.27,,
17.75,17.75,17.75,,
25.27,25.27,25.27,,
25.27,25.27,25.27,,
25.27,25.27,25.27,,
25.27,25.27,25.27,,
25.27,25.27,25.27,,
17.75,17.75,17.75,,
17.75,17.75,17.75,,
17.75,17.75,17.75,,
17.75,17.75,17.75,,
25.27,25.27,25.27,,
17.75,17.75,17.75,,
17.75,17.75,17.75,,
17.75,17.75,17.75,,
17.75,17.75,17.75,,
25.27,25.27,25.27,,
25.27,25.27,25.27,,
25.27,25.27,25.27,,
25.27,25.27,25.27,,
25.27,25.27,25.27,,
17.75,17.75,17.75,,
17.75,17.75,17.75,,
25.27,25.27,25.27,,
25.27,25.27,25.27,,
25.27,25.27,25.27,,
17.75,17.75,17.75,,
17.75,17.75,17.75,,
17.75,17.75,17.75,,
17.75,17.75,17.75,,
17.75,17.75,17.75,,
17.75,17.75,17.75,,
25.27,25.27,25.27,,
25.27,25.27,25.27,,
17.75,17.75,17.75,,
25.27,25.27,25.27,,
17.75,17.75,17.75,,
17.75,17.75,17.75,,
17.75,17.75,17.75,,
25.27,25.27,25.27,,
17.75,17.75,17.75,,
17.75,17.75,17.75,,
17.75,17.75,17.75,,
17.75,17.75,17.75,,
17.75,17.75,17.75,,
17.75,17.75,17.75,,
17.75,17.75,17.75,,
25.27,25.27,25.27,,
25.27,25.27,25.27,,
17.75,17.75,17.75,,
25.27,25.27,25.27,,
25.27,25.27,25.27,,
25.27,25.27,25.27,,
25.27,25.27,25.27,,
25.27,25.27,25.27,,
25.27,25.27,25.27,,
25.27,25.27,25.27,,
25.27,25.27,25.27,,
25.27,25.27,25.27,,
25.27,25.27,25.27,,
25.27,25.27,25.27,,
25.27,25.27,25.27,,
17.75,17.75,17.75,,
17.75,17.75,17.75,,
17.75,17.75,17.75,,
17.75,17.75,17.75,,
25.27,25.27,25.27,,
25.27,25.27,25.27,,
25.27,25.27,25.27,,
25.27,25.27,25.27,,
25.27,25.27,25.27,,
25.27,25.27,25.27,,
25.27,25.27,25.27,,
25.27,25.27,25.27,,
32.79,32.79,32.79,,
32.79,32.79,32.79,,
25.27,25.27,25.27,,
25.27,25.27,25.27,,
25.27,25.27,25.27,,
25.27,25.27,25.27,,
32.79,32.79,32.79,,
32.79,32.79,32.79,,
32.79,32.79,32.79,,
32.79,32.79,32.79,,
32.79,32.79,32.79,,
25.27,25.27,25.27,,
25.27,25.27,25.27,,
25.27,25.27,25.27,,
32.79,32.79,32.79,,
32.79,32.79,32.79,,
25.27,25.27,25.27,,
25.27,25.27,25.27,,
40.31,40.31,40.31,,
40.31,40.31,40.31,,
47.83,47.83,47.83,,
47.83,47.83,47.83,,
47.83,47.83,47.83,,
40.31,40.31,40.31,,
40.31,40.31,40.31,,
32.79,32.79,32.79,,
32.79,32.79,32.79,,
32.79,32.79,32.79,,
17.75,17.75,17.75,,
17.75,17.75,17.75,,
10.23,10.23,10.23,,
10.23,10.23,10.23,,
10.23,10.23,10.23,,
10.23,10.23,10.23,,
10.23,10.23,10.23,,
17.75,17.75,17.75,,
17.75,17.75,17.75,,
17.75,17.75,17.75,,
17.75,17.75,17.75,,
17.75,17.75,17.75,,
17.75,17.75,17.75,,
25.27,25.27,25.27,,
17.75,17.75,17.75,,
25.27,25.27,25.27,,
25.27,25.27,25.27,,
17.75,17.75,17.75,,
17.75,17.75,17.75,,
25.27,25.27,25.27,,
25.27,25.27,25.27,,
25.27,25.27,25.27,,
25.27,25.27,25.27,,
25.27,25.27,25.27,,
25.27,25.27,25.27,,
17.75,17.75,17.75,,
17.75,17.75,17.75,,
17.75,17.75,17.75,,
17.75,17.75,17.75,,
17.75,17.75,17.75,,
10.23,10.23,10.23,,
10.23,10.23,10.23,,
17.75,17.75,17.75,,
17.75,17.75,17.75,,
17.75,17.75,17.75,,
25.27,25.27,25.27,,
25.27,25.27,25.27,,
25.27,25.27,25.27,,
25.27,25.27,25.27,,
25.27,25.27,25.27,,
32.79,32.79,32.79,,
32.79,32.79,32.79,,
25.27,25.27,25.27,,
25.27,25.27,25.27,,
25.27,25.27,25.27,,
25.27,25.27,25.27,,
25.27,25.27,25.27,,
25.27,25.27,25.27,,
25.27,25.27,25.27,,
17.75,17.75,17.75,,
17.75,17.75,17.75,,
17.75,17.75,17.75,,
17.75,17.75,17.75,,
25.27,25.27,25.27,,
25.27,25.27,25.27,,
25.27,25.27,25.27,,
25.27,25.27,25.27,,
25.27,25.27,25.27,,
25.27,25.27,25.27,,
25.27,25.27,25.27,,
32.79,32.79,32.79,,
32.79,32.79,32.79,,
32.79,32.79,32.79,,
25.27,25.27,25.27,,
25.27,25.27,25.27,,
25.27,25.27,25.27,,
25.27,25.27,25.27,,
25.27,25.27,25.27,,
25.27,25.27,25.27,,
25.27,25.27,25.27,,
25.27,25.27,25.27,,
25.27,25.27,25.27,,
25.27,25.27,25.27,,
32.79,32.79,32.79,,
32.79,32.79,32.79,,
25.27,25.27,25.27,,
25.27,25.27,25.27,,
25.27,25.27,25.27,,
25.27,25.27,25.27,,
25.27,25.27,25.27,,
17.75,17.75,17.75,,
25.27,25.27,25.27,,
17.75,17.75,17.75,,
17.75,17.75,17.75,,
17.75,17.75,17.75,,
17.75,17.75,17.75,,
25.27,25.27,25.27,,
25.27,25.27,25.27,,
25.27,25.27,25.27,,
25.27,25.27,25.27,,
25.27,25.27,25.27,,
25.27,25.27,25.27,,
25.27,25.27,25.27,,
17.75,17.75,17.75,,
25.27,25.27,25.27,,
25.27,25.27,25.27,,
17.75,17.75,17.75,,
17.75,17.75,17.75,,
17.75,17.75,17.75,,
17.75,17.75,17.75,,
17.75,17.75,17.75,,
17.75,17.75,17.75,,
25.27,25.27,25.27,,
25.27,25.27,25.27,,
17.75,17.75,17.75,,
17.75,17.75,17.75,,
25.27,25.27,25.27,,
25.27,25.27,25.27,,
25.27,25.27,25.27,,
17.75,17.75,17.75,,
25.27,25.27,25.27,,
17.75,17.75,17.75,,
17.75,17.75,17.75,,
17.75,17.75,17.75,,
17.75,17.75,17.75,,
17.75,17.75,17.75,,
10.23,10.23,10.23,,
17.75,17.75,17.75,,
17.75,17.75,17.75,,
17.75,17.75,17.75,,
17.75,17.75,17.75,,
25.27,25.27,25.27,,
25.27,25.27,25.27,,
17.75,17.75,17.75,,
25.27,25.27,25.27,,
25.27,25.27,25.27,,
32.79,32.79,32.79,,
25.27,25.27,25.27,,
25.27,25.27,25.27,,
25.27,25.27,25.27,,
25.27,25.27,25.27,,
25.27,25.27,25.27,,
25.27,25.27,25.27,,
25.27,25.27,25.27,,
17.75,17.75,17.75,,
17.75,17.75,17.75,,
17.75,17.75,17.75,,
17.75,17.75,17.75,,
17.75,17.75,17.75,,
17.75,17.75,17.75,,
17.75,17.75,17.75,,
17.75,17.75,17.75,,
17.75,17.75,17.75,,
17.75,17.75,17.75,,
25.27,25.27,25.27,,
17.75,17.75,17.75,,
25.27,25.27,25.27,,
32.79,32.79,32.79,,
32.79,32.79,32.79,,
32.79,32.79,32.79,,
32.79,32.79,32.79,,
32.79,32.79,32.79,,
25.27,25.27,25.27,,
25.27,25.27,25.27,,
25.27,25.27,25.27,,
25.27,25.27,25.27,,
25.27,25.27,25.27,,
17.75,17.75,17.75,,
17.75,17.75,17.75,,
25.27,25.27,25.27,,
25.27,25.27,25.27,,
25.27,25.27,25.27,,
25.27,25.27,25.27,,
32.79,32.79,32.79,,
32.79,32.79,32.79,,
25.27,25.27,25.27,,
32.79,32.79,32.79,,
32.79,32.79,32.79,,
32.79,32.79,32.79,,
32.79,32.79,32.79,,
32.79,32.79,32.79,,
25.27,25.27,25.27,,
25.27,25.27,25.27,,
17.75,17.75,17.75,,
17.75,17.75,17.75,,
17.75,17.75,17.75,,
17.75,17.75,17.75,,
17.75,17.75,17.75,,
17.75,17.75,17.75,,
25.27,25.27,25.27,,
25.27,25.27,25.27,,
32.79,32.79,32.79,,
32.79,32.79,32.79,,
32.79,32.79,32.79,,
25.27,25.27,25.27,,
25.27,25.27,25.27,,
25.27,25.27,25.27,,
32.79,32.79,32.79,,
25.27,25.27,25.27,,
32.79,32.79,32.79,,
32.79,32.79,32.79,,
25.27,25.27,25.27,,
25.27,25.27,25.27,,
32.79,32.79,32.79,,
32.79,32.79,32.79,,
25.27,25.27,25.27,,
32.79,32.79,32.79,,
25.27,25.27,25.27,,
32.79,32.79,32.79,,
25.27,25.27,25.27,,
25.27,25.27,25.27,,
25.27,25.27,25.27,,
25.27,25.27,25.27,,
25.27,25.27,25.27,,
25.27,25.27,25.27,,
25.27,25.27,25.27,,
25.27,25.27,25.27,,
25.27,25.27,25.27,,
25.27,25.27,25.27,,
25.27,25.27,25.27,,
32.79,32.79,32.79,,
25.27,25.27,25.27,,
17.75,17.75,17.75,,
47.83,47.83,47.83,,
47.83,47.83,47.83,,
47.83,47.83,47.83,,
47.83,47.83,47.83,,
47.83,47.83,47.83,,
47.83,47.83,47.83,,
47.83,47.83,47.83,,
40.31,40.31,40.31,,
47.83,47.83,47.83,,
55.35,55.35,55.35,,
32.79,32.79,32.79,,
32.79,32.79,32.79,,
40.31,40.31,40.31,,
40.31,40.31,40.31,,
40.31,40.31,40.31,,
47.83,47.83,47.83,,
47.83,47.83,47.83,,
47.83,47.83,47.83,,
40.31,40.31,40.31,,
40.31,40.31,40.31,,
40.31,40.31,40.31,,
40.31,40.31,40.31,,
32.79,32.79,32.79,,
25.27,25.27,25.27,,
25.27,25.27,25.27,,
25.27,25.27,25.27,,
17.75,17.75,17.75,,
17.75,17.75,17.75,,
17.75,17.75,17.75,,
25.27,25.27,25.27,,
25.27,25.27,25.27,,
25.27,25.27,25.27,,
25.27,25.27,25.27,,
25.27,25.27,25.27,,
25.27,25.27,25.27,,
32.79,32.79,32.79,,
25.27,25.27,25.27,,
32.79,32.79,32.79,,
32.79,32.79,32.79,,
32.79,32.79,32.79,,
32.79,32.79,32.79,,
32.79,32.79,32.79,,
32.79,32.79,32.79,,
32.79,32.79,32.79,,
32.79,32.79,32.79,,
32.79,32.79,32.79,,
32.79,32.79,32.79,,
25.27,25.27,25.27,,
25.27,25.27,25.27,,
25.27,25.27,25.27,,
25.27,25.27,25.27,,
25.27,25.27,25.27,,
25.27,25.27,25.27,,
25.27,25.27,25.27,,
17.75,17.75,17.75,,
25.27,25.27,25.27,,
25.27,25.27,25.27,,
17.75,17.75,17.75,,
17.75,17.75,17.75,,
17.75,17.75,17.75,,
17.75,17.75,17.75,,
25.27,25.27,25.27,,
17.75,17.75,17.75,,
17.75,17.75,17.75,,
17.75,17.75,17.75,,
17.75,17.75,17.75,,
17.75,17.75,17.75,,
17.75,17.75,17.75,,
17.75,17.75,17.75,,
17.75,17.75,17.75,,
17.75,17.75,17.75,,
17.75,17.75,17.75,,
17.75,17.75,17.75,,
17.75,17.75,17.75,,
25.27,25.27,25.27,,
25.27,25.27,25.27,,
25.27,25.27,25.27,,
17.75,17.75,17.75,,
25.27,25.27,25.27,,
17.75,17.75,17.75,,
25.27,25.27,25.27,,
25.27,25.27,25.27,,
17.75,17.75,17.75,,
17.75,17.75,17.75,,
17.75,17.75,17.75,,
17.75,17.75,17.75,,
17.75,17.75,17.75,,
25.27,25.27,25.27,,
25.27,25.27,25.27,,
25.27,25.27,25.27,,
17.75,17.75,17.75,,
17.75,17.75,17.75,,
25.27,25.27,25.27,,
25.27,25.27,25.27,,
25.27,25.27,25.27,,
25.27,25.27,25.27,,
25.27,25.27,25.27,,
25.27,25.27,25.27,,
25.27,25.27,25.27,,
25.27,25.27,25.27,,
25.27,25.27,25.27,,
32.79,32.79,32.79,,
25.27,25.27,25.27,,
32.79,32.79,32.79,,
25.27,25.27,25.27,,
25.27,25.27,25.27,,
25.27,25.27,25.27,,
25.27,25.27,25.27,,
25.27,25.27,25.27,,
25.27,25.27,25.27,,
25.27,25.27,25.27,,
25.27,25.27,25.27,,
25.27,25.27,25.27,,
25.27,25.27,25.27,,
32.79,32.79,32.79,,
32.79,32.79,32.79,,
25.27,25.27,25.27,,
25.27,25.27,25.27,,
25.27,25.27,25.27,,
25.27,25.27,25.27,,
25.27,25.27,25.27,,
17.75,17.75,17.75,,
25.27,25.27,25.27,,
25.27,25.27,25.27,,
17.75,17.75,17.75,,
17.75,17.75,17.75,,
17.75,17.75,17.75,,
17.75,17.75,17.75,,
25.27,25.27,25.27,,
25.27,25.27,25.27,,
25.27,25.27,25.27,,
25.27,25.27,25.27,,
25.27,25.27,25.27,,
32.79,32.79,32.79,,
32.79,32.79,32.79,,
32.79,32.79,32.79,,
32.79,32.79,32.79,,
32.79,32.79,32.79,,
25.27,25.27,25.27,,
25.27,25.27,25.27,,
25.27,25.27,25.27,,
25.27,25.27,25.27,,
25.27,25.27,25.27,,
25.27,25.27,25.27,,
25.27,25.27,25.27,,
25.27,25.27,25.27,,
40.31,40.31,40.31,,
40.31,40.31,40.31,,
40.31,40.31,40.31,,
40.31,40.31,40.31,,
40.31,40.31,40.31,,
40.31,40.31,40.31,,
77.91,77.91,77.91,,
70.39,70.39,70.39,,
70.39,70.39,70.39,,
77.91,77.91,77.91,,
62.87,62.87,62.87,,
62.87,62.87,62.87,,
70.39,70.39,70.39,,
62.87,62.87,62.87,,
62.87,62.87,62.87,,
55.35,55.35,55.35,,
25.27,25.27,25.27,,
32.79,32.79,32.79,,
32.79,32.79,32.79,,
25.27,25.27,25.27,,
25.27,25.27,25.27,,
25.27,25.27,25.27,,
25.27,25.27,25.27,,
25.27,25.27,25.27,,
25.27,25.27,25.27,,
32.79,32.79,32.79,,
25.27,25.27,25.27,,
25.27,25.27,25.27,,
25.27,25.27,25.27,,
25.27,25.27,25.27,,
25.27,25.27,25.27,,
25.27,25.27,25.27,,
25.27,25.27,25.27,,
25.27,25.27,25.27,,
25.27,25.27,25.27,,
25.27,25.27,25.27,,
25.27,25.27,25.27,,
25.27,25.27,25.27,,
17.75,17.75,17.75,,
17.75,17.75,17.75,,
17.75,17.75,17.75,,
17.75,17.75,17.75,,
17.75,17.75,17.75,,
17.75,17.75,17.75,,
17.75,17.75,17.75,,
17.75,17.75,17.75,,
17.75,17.75,17.75,,
17.75,17.75,17.75,,
17.75,17.75,17.75,,
17.75,17.75,17.75,,
17.75,17.75,17.75,,
17.75,17.75,17.75,,
17.75,17.75,17.75,,
25.27,25.27,25.27,,
17.75,17.75,17.75,,
17.75,17.75,17.75,,
17.75,17.75,17.75,,
17.75,17.75,17.75,,
17.75,17.75,17.75,,
17.75,17.75,17.75,,
17.75,17.75,17.75,,
17.75,17.75,17.75,,
25.27,25.27,25.27,,
17.75,17.75,17.75,,
25.27,25.27,25.27,,
25.27,25.27,25.27,,
25.27,25.27,25.27,,
25.27,25.27,25.27,,
25.27,25.27,25.27,,
25.27,25.27,25.27,,
25.27,25.27,25.27,,
32.79,32.79,32.79,,
32.79,32.79,32.79,,
32.79,32.79,32.79,,
32.79,32.79,32.79,,
32.79,32.79,32.79,,
25.27,25.27,25.27,,
25.27,25.27,25.27,,
25.27,25.27,25.27,,
25.27,25.27,25.27,,
25.27,25.27,25.27,,
25.27,25.27,25.27,,
17.75,17.75,17.75,,
17.75,17.75,17.75,,
25.27,25.27,25.27,,
25.27,25.27,25.27,,
25.27,25.27,25.27,,
25.27,25.27,25.27,,
17.75,17.75,17.75,,
17.75,17.75,17.75,,
17.75,17.75,17.75,,
17.75,17.75,17.75,,
17.75,17.75,17.75,,
25.27,25.27,25.27,,
17.75,17.75,17.75,,
25.27,25.27,25.27,,
25.27,25.27,25.27,,
25.27,25.27,25.27,,
25.27,25.27,25.27,,
25.27,25.27,25.27,,
25.27,25.27,25.27,,
25.27,25.27,25.27,,
25.27,25.27,25.27,,
17.75,17.75,17.75,,
25.27,25.27,25.27,,
17.75,17.75,17.75,,
17.75,17.75,17.75,,
17.75,17.75,17.75,,
17.75,17.75,17.75,,
17.75,17.75,17.75,,
17.75,17.75,17.75,,
17.75,17.75,17.75,,
17.75,17.75,17.75,,
17.75,17.75,17.75,,
25.27,25.27,25.27,,
25.27,25.27,25.27,,
25.27,25.27,25.27,,
25.27,25.27,25.27,,
32.79,32.79,32.79,,
25.27,25.27,25.27,,
25.27,25.27,25.27,,
25.27,25.27,25.27,,
25.27,25.27,25.27,,
25.27,25.27,25.27,,
25.27,25.27,25.27,,
25.27,25.27,25.27,,
25.27,25.27,25.27,,
25.27,25.27,25.27,,
25.27,25.27,25.27,,
25.27,25.27,25.27,,
25.27,25.27,25.27,,
25.27,25.27,25.27,,
32.79,32.79,32.79,,
32.79,32.79,32.79,,
32.79,32.79,32.79,,
32.79,32.79,32.79,,
32.79,32.79,32.79,,
32.79,32.79,32.79,,
32.79,32.79,32.79,,
32.79,32.79,32.79,,
32.79,32.79,32.79,,
32.79,32.79,32.79,,
32.79,32.79,32.79,,
32.79,32.79,32.79,,
25.27,25.27,25.27,,
25.27,25.27,25.27,,
25.27,25.27,25.27,,
25.27,25.27,25.27,,
25.27,25.27,25.27,,
25.27,25.27,25.27,,
17.75,17.75,17.75,,
17.75,17.75,17.75,,
17.75,17.75,17.75,,
17.75,17.75,17.75,,
25.27,25.27,25.27,,
17.75,17.75,17.75,,
17.75,17.75,17.75,,
17.75,17.75,17.75,,
17.75,17.75,17.75,,
32.79,32.79,32.79,,
40.31,40.31,40.31,,
40.31,40.31,40.31,,
40.31,40.31,40.31,,
40.31,40.31,40.31,,
40.31,40.31,40.31,,
40.31,40.31,40.31,,
40.31,40.31,40.31,,
40.31,40.31,40.31,,
40.31,40.31,40.31,,
25.27,25.27,25.27,,
17.75,17.75,17.75,,
17.75,17.75,17.75,,
25.27,25.27,25.27,,
25.27,25.27,25.27,,
25.27,25.27,25.27,,
32.79,32.79,32.79,,
32.79,32.79,32.79,,
32.79,32.79,32.79,,
40.31,40.31,40.31,,
40.31,40.31,40.31,,
40.31,40.31,40.31,,
40.31,40.31,40.31,,
32.79,32.79,32.79,,
32.79,32.79,32.79,,
32.79,32.79,32.79,,
32.79,32.79,32.79,,
32.79,32.79,32.79,,
32.79,32.79,32.79,,
25.27,25.27,25.27,,
25.27,25.27,25.27,,
25.27,25.27,25.27,,
25.27,25.27,25.27,,
25.27,25.27,25.27,,
25.27,25.27,25.27,,
25.27,25.27,25.27,,
25.27,25.27,25.27,,
25.27,25.27,25.27,,
25.27,25.27,25.27,,
25.27,25.27,25.27,,
32.79,32.79,32.79,,
25.27,25.27,25.27,,
25.27,25.27,25.27,,
25.27,25.27,25.27,,
32.79,32.79,32.79,,
32.79,32.79,32.79,,
25.27,25.27,25.27,,
32.79,32.79,32.79,,
32.79,32.79,32.79,,
32.79,32.79,32.79,,
32.79,32.79,32.79,,
32.79,32.79,32.79,,
40.31,40.31,40.31,,
40.31,40.31,40.31,,
40.31,40.31,40.31,,
32.79,32.79,32.79,,
32.79,32.79,32.79,,
32.79,32.79,32.79,,
25.27,25.27,25.27,,
32.79,32.79,32.79,,
32.79,32.79,32.79,,
25.27,25.27,25.27,,
25.27,25.27,25.27,,
25.27,25.27,25.27,,
25.27,25.27,25.27,,
25.27,25.27,25.27,,
25.27,25.27,25.27,,
25.27,25.27,25.27,,
25.27,25.27,25.27,,
25.27,25.27,25.27,,
17.75,17.75,17.75,,
25.27,25.27,25.27,,
25.27,25.27,25.27,,
25.27,25.27,25.27,,
25.27,25.27,25.27,,
25.27,25.27,25.27,,
17.75,17.75,17.75,,
17.75,17.75,17.75,,
17.75,17.75,17.75,,
25.27,25.27,25.27,,
25.27,25.27,25.27,,
25.27,25.27,25.27,,
25.27,25.27,25.27,,
25.27,25.27,25.27,,
25.27,25.27,25.27,,
25.27,25.27,25.27,,
25.27,25.27,25.27,,
25.27,25.27,25.27,,
32.79,32.79,32.79,,
32.79,32.79,32.79,,
32.79,32.79,32.79,,
25.27,25.27,25.27,,
25.27,25.27,25.27,,
32.79,32.79,32.79,,
32.79,32.79,32.79,,
32.79,32.79,32.79,,
32.79,32.79,32.79,,
32.79,32.79,32.79,,
32.79,32.79,32.79,,
32.79,32.79,32.79,,
32.79,32.79,32.79,,
32.79,32.79,32.79,,
32.79,32.79,32.79,,
32.79,32.79,32.79,,
32.79,32.79,32.79,,
47.83,47.83,47.83,,
47.83,47.83,47.83,,
47.83,47.83,47.83,,
47.83,47.83,47.83,,
47.83,47.83,47.83,,
40.31,40.31,40.31,,
40.31,40.31,40.31,,
40.31,40.31,40.31,,
40.31,40.31,40.31,,
40.31,40.31,40.31,,
25.27,25.27,25.27,,
17.75,17.75,17.75,,
17.75,17.75,17.75,,
25.27,25.27,25.27,,
17.75,17.75,17.75,,
25.27,25.27,25.27,,
25.27,25.27,25.27,,
17.75,17.75,17.75,,
25.27,25.27,25.27,,
25.27,25.27,25.27,,
25.27,25.27,25.27,,
25.27,25.27,25.27,,
25.27,25.27,25.27,,
25.27,25.27,25.27,,
25.27,25.27,25.27,,
25.27,25.27,25.27,,
25.27,25.27,25.27,,
25.27,25.27,25.27,,
25.27,25.27,25.27,,
25.27,25.27,25.27,,
25.27,25.27,25.27,,
25.27,25.27,25.27,,
55.35,55.35,55.35,,
55.35,55.35,55.35,,
55.35,55.35,55.35,,
55.35,55.35,55.35,,
47.83,47.83,47.83,,
47.83,47.83,47.83,,
47.83,47.83,47.83,,
55.35,55.35,55.35,,
55.35,55.35,55.35,,
62.87,62.87,62.87,,
25.27,25.27,25.27,,
25.27,25.27,25.27,,
25.27,25.27,25.27,,
25.27,25.27,25.27,,
32.79,32.79,32.79,,
32.79,32.79,32.79,,
32.79,32.79,32.79,,
25.27,25.27,25.27,,
25.27,25.27,25.27,,
25.27,25.27,25.27,,
25.27,25.27,25.27,,
25.27,25.27,25.27,,
25.27,25.27,25.27,,
25.27,25.27,25.27,,
25.27,25.27,25.27,,
25.27,25.27,25.27,,
25.27,25.27,25.27,,
17.75,17.75,17.75,,
25.27,25.27,25.27,,
25.27,25.27,25.27,,
25.27,25.27,25.27,,
25.27,25.27,25.27,,
17.75,17.75,17.75,,
17.75,17.75,17.75,,
17.75,17.75,17.75,,
25.27,25.27,25.27,,
25.27,25.27,25.27,,
25.27,25.27,25.27,,
25.27,25.27,25.27,,
25.27,25.27,25.27,,
32.79,32.79,32.79,,
32.79,32.79,32.79,,
32.79,32.79,32.79,,
40.31,40.31,40.31,,
40.31,40.31,40.31,,
32.79,32.79,32.79,,
32.79,32.79,32.79,,
32.79,32.79,32.79,,
25.27,25.27,25.27,,
25.27,25.27,25.27,,
25.27,25.27,25.27,,
25.27,25.27,25.27,,
25.27,25.27,25.27,,
25.27,25.27,25.27,,
25.27,25.27,25.27,,
47.83,47.83,47.83,,
40.31,40.31,40.31,,
47.83,47.83,47.83,,
40.31,40.31,40.31,,
47.83,47.83,47.83,,
47.83,47.83,47.83,,
40.31,40.31,40.31,,
40.31,40.31,40.31,,
40.31,40.31,40.31,,
40.31,40.31,40.31,,
17.75,17.75,17.75,,
17.75,17.75,17.75,,
17.75,17.75,17.75,,
17.75,17.75,17.75,,
17.75,17.75,17.75,,
17.75,17.75,17.75,,
17.75,17.75,17.75,,
17.75,17.75,17.75,,
25.27,25.27,25.27,,
25.27,25.27,25.27,,
25.27,25.27,25.27,,
25.27,25.27,25.27,,
25.27,25.27,25.27,,
25.27,25.27,25.27,,
25.27,25.27,25.27,,
25.27,25.27,25.27,,
25.27,25.27,25.27,,
25.27,25.27,25.27,,
25.27,25.27,25.27,,
25.27,25.27,25.27,,
25.27,25.27,25.27,,
17.75,17.75,17.75,,
17.75,17.75,17.75,,
17.75,17.75,17.75,,
25.27,25.27,25.27,,
25.27,25.27,25.27,,
25.27,25.27,25.27,,
25.27,25.27,25.27,,
25.27,25.27,25.27,,
25.27,25.27,25.27,,
25.27,25.27,25.27,,
32.79,32.79,32.79,,
32.79,32.79,32.79,,
32.79,32.79,32.79,,
32.79,32.79,32.79,,
32.79,32.79,32.79,,
32.79,32.79,32.79,,
32.79,32.79,32.79,,
32.79,32.79,32.79,,
40.31,40.31,40.31,,
32.79,32.79,32.79,,
32.79,32.79,32.79,,
32.79,32.79,32.79,,
32.79,32.79,32.79,,
32.79,32.79,32.79,,
25.27,25.27,25.27,,
25.27,25.27,25.27,,
25.27,25.27,25.27,,
25.27,25.27,25.27,,
17.75,17.75,17.75,,
17.75,17.75,17.75,,
17.75,17.75,17.75,,
25.27,25.27,25.27,,
32.79,32.79,32.79,,
32.79,32.79,32.79,,
40.31,40.31,40.31,,
40.31,40.31,40.31,,
40.31,40.31,40.31,,
40.31,40.31,40.31,,
47.83,47.83,47.83,,
47.83,47.83,47.83,,
47.83,47.83,47.83,,
47.83,47.83,47.83,,
40.31,40.31,40.31,,
32.79,32.79,32.79,,
32.79,32.79,32.79,,
32.79,32.79,32.79,,
32.79,32.79,32.79,,
25.27,25.27,25.27,,
25.27,25.27,25.27,,
25.27,25.27,25.27,,
25.27,25.27,25.27,,
17.75,17.75,17.75,,
17.75,17.75,17.75,,
17.75,17.75,17.75,,
17.75,17.75,17.75,,
10.23,10.23,10.23,,
10.23,10.23,10.23,,
10.23,10.23,10.23,,
10.23,10.23,10.23,,
17.75,17.75,17.75,,
17.75,17.75,17.75,,
17.75,17.75,17.75,,
25.27,25.27,25.27,,
25.27,25.27,25.27,,
17.75,17.75,17.75,,
17.75,17.75,17.75,,
17.75,17.75,17.75,,
17.75,17.75,17.75,,
25.27,25.27,25.27,,
17.75,17.75,17.75,,
25.27,25.27,25.27,,
17.75,17.75,17.75,,
17.75,17.75,17.75,,
25.27,25.27,25.27,,
17.75,17.75,17.75,,
25.27,25.27,25.27,,
25.27,25.27,25.27,,
25.27,25.27,25.27,,
25.27,25.27,25.27,,
32.79,32.79,32.79,,
25.27,25.27,25.27,,
25.27,25.27,25.27,,
25.27,25.27,25.27,,
25.27,25.27,25.27,,
25.27,25.27,25.27,,
32.79,32.79,32.79,,
32.79,32.79,32.79,,
32.79,32.79,32.79,,
25.27,25.27,25.27,,
25.27,25.27,25.27,,
25.27,25.27,25.27,,
25.27,25.27,25.27,,
25.27,25.27,25.27,,
25.27,25.27,25.27,,
25.27,25.27,25.27,,
17.75,17.75,17.75,,
17.75,17.75,17.75,,
17.75,17.75,17.75,,
25.27,25.27,25.27,,
25.27,25.27,25.27,,
25.27,25.27,25.27,,
25.27,25.27,25.27,,
25.27,25.27,25.27,,
32.79,32.79,32.79,,
32.79,32.79,32.79,,
32.79,32.79,32.79,,
25.27,25.27,25.27,,
25.27,25.27,25.27,,
25.27,25.27,25.27,,
25.27,25.27,25.27,,
25.27,25.27,25.27,,
25.27,25.27,25.27,,
25.27,25.27,25.27,,
17.75,17.75,17.75,,
17.75,17.75,17.75,,
25.27,25.27,25.27,,
17.75,17.75,17.75,,
25.27,25.27,25.27,,
25.27,25.27,25.27,,
25.27,25.27,25.27,,
25.27,25.27,25.27,,
32.79,32.79,32.79,,
25.27,25.27,25.27,,
25.27,25.27,25.27,,
25.27,25.27,25.27,,
25.27,25.27,25.27,,
32.79,32.79,32.79,,
32.79,32.79,32.79,,
25.27,25.27,25.27,,
32.79,32.79,32.79,,
25.27,25.27,25.27,,
25.27,25.27,25.27,,
32.79,32.79,32.79,,
32.79,32.79,32.79,,
25.27,25.27,25.27,,
25.27,25.27,25.27,,
25.27,25.27,25.27,,
25.27,25.27,25.27,,
25.27,25.27,25.27,,
25.27,25.27,25.27,,
25.27,25.27,25.27,,
32.79,32.79,32.79,,
25.27,25.27,25.27,,
25.27,25.27,25.27,,
25.27,25.27,25.27,,
32.79,32.79,32.79,,
32.79,32.79,32.79,,
32.79,32.79,32.79,,
32.79,32.79,32.79,,
25.27,25.27,25.27,,
25.27,25.27,25.27,,
25.27,25.27,25.27,,
25.27,25.27,25.27,,
25.27,25.27,25.27,,
25.27,25.27,25.27,,
25.27,25.27,25.27,,
25.27,25.27,25.27,,
32.79,32.79,32.79,,
32.79,32.79,32.79,,
32.79,32.79,32.79,,
40.31,40.31,40.31,,
40.31,40.31,40.31,,
40.31,40.31,40.31,,
40.31,40.31,40.31,,
40.31,40.31,40.31,,
32.79,32.79,32.79,,
32.79,32.79,32.79,,
32.79,32.79,32.79,,
32.79,32.79,32.79,,
32.79,32.79,32.79,,
32.79,32.79,32.79,,
32.79,32.79,32.79,,
32.79,32.79,32.79,,
32.79,32.79,32.79,,
32.79,32.79,32.79,,
32.79,32.79,32.79,,
32.79,32.79,32.79,,
25.27,25.27,25.27,,
25.27,25.27,25.27,,
25.27,25.27,25.27,,
25.27,25.27,25.27,,
25.27,25.27,25.27,,
25.27,25.27,25.27,,
25.27,25.27,25.27,,
32.79,32.79,32.79,,
32.79,32.79,32.79,,
32.79,32.79,32.79,,
32.79,32.79,32.79,,
32.79,32.79,32.79,,
32.79,32.79,32.79,,
32.79,32.79,32.79,,
40.31,40.31,40.31,,
32.79,32.79,32.79,,
40.31,40.31,40.31,,
32.79,32.79,32.79,,
32.79,32.79,32.79,,
40.31,40.31,40.31,,
40.31,40.31,40.31,,
40.31,40.31,40.31,,
40.31,40.31,40.31,,
40.31,40.31,40.31,,
40.31,40.31,40.31,,
32.79,32.79,32.79,,
32.79,32.79,32.79,,
32.79,32.79,32.79,,
32.79,32.79,32.79,,
32.79,32.79,32.79,,
40.31,40.31,40.31,,
32.79,32.79,32.79,,
32.79,32.79,32.79,,
40.31,40.31,40.31,,
32.79,32.79,32.79,,
32.79,32.79,32.79,,
32.79,32.79,32.79,,
32.79,32.79,32.79,,
32.79,32.79,32.79,,
32.79,32.79,32.79,,
32.79,32.79,32.79,,
32.79,32.79,32.79,,
25.27,25.27,25.27,,
25.27,25.27,25.27,,
25.27,25.27,25.27,,
32.79,32.79,32.79,,
32.79,32.79,32.79,,
32.79,32.79,32.79,,
32.79,32.79,32.79,,
25.27,25.27,25.27,,
25.27,25.27,25.27,,
25.27,25.27,25.27,,
25.27,25.27,25.27,,
25.27,25.27,25.27,,
25.27,25.27,25.27,,
25.27,25.27,25.27,,
32.79,32.79,32.79,,
32.79,32.79,32.79,,
32.79,32.79,32.79,,
32.79,32.79,32.79,,
40.31,40.31,40.31,,
32.79,32.79,32.79,,
32.79,32.79,32.79,,
32.79,32.79,32.79,,
32.79,32.79,32.79,,
25.27,25.27,25.27,,
25.27,25.27,25.27,,
25.27,25.27,25.27,,
25.27,25.27,25.27,,
17.75,17.75,17.75,,
17.75,17.75,17.75,,
17.75,17.75,17.75,,
25.27,25.27,25.27,,
25.27,25.27,25.27,,
25.27,25.27,25.27,,
25.27,25.27,25.27,,
25.27,25.27,25.27,,
32.79,32.79,32.79,,
25.27,25.27,25.27,,
32.79,32.79,32.79,,
32.79,32.79,32.79,,
32.79,32.79,32.79,,
32.79,32.79,32.79,,
32.79,32.79,32.79,,
32.79,32.79,32.79,,
32.79,32.79,32.79,,
32.79,32.79,32.79,,
32.79,32.79,32.79,,
32.79,32.79,32.79,,
32.79,32.79,32.79,,
32.79,32.79,32.79,,
25.27,25.27,25.27,,
25.27,25.27,25.27,,
25.27,25.27,25.27,,
25.27,25.27,25.27,,
25.27,25.27,25.27,,
32.79,32.79,32.79,,
25.27,25.27,25.27,,
32.79,32.79,32.79,,
25.27,25.27,25.27,,
25.27,25.27,25.27,,
32.79,32.79,32.79,,
25.27,25.27,25.27,,
25.27,25.27,25.27,,
25.27,25.27,25.27,,
25.27,25.27,25.27,,
25.27,25.27,25.27,,
25.27,25.27,25.27,,
25.27,25.27,25.27,,
25.27,25.27,25.27,,
25.27,25.27,25.27,,
32.79,32.79,32.79,,
32.79,32.79,32.79,,
40.31,40.31,40.31,,
40.31,40.31,40.31,,
40.31,40.31,40.31,,
40.31,40.31,40.31,,
40.31,40.31,40.31,,
40.31,40.31,40.31,,
47.83,47.83,47.83,,
47.83,47.83,47.83,,
40.31,40.31,40.31,,
40.31,40.31,40.31,,
40.31,40.31,40.31,,
32.79,32.79,32.79,,
32.79,32.79,32.79,,
32.79,32.79,32.79,,
25.27,25.27,25.27,,
32.79,32.79,32.79,,
25.27,25.27,25.27,,
17.75,17.75,17.75,,
17.75,17.75,17.75,,
25.27,25.27,25.27,,
25.27,25.27,25.27,,
25.27,25.27,25.27,,
25.27,25.27,25.27,,
25.27,25.27,25.27,,
25.27,25.27,25.27,,
25.27,25.27,25.27,,
25.27,25.27,25.27,,
32.79,32.79,32.79,,
32.79,32.79,32.79,,
32.79,32.79,32.79,,
25.27,25.27,25.27,,
25.27,25.27,25.27,,
25.27,25.27,25.27,,
25.27,25.27,25.27,,
25.27,25.27,25.27,,
25.27,25.27,25.27,,
25.27,25.27,25.27,,
25.27,25.27,25.27,,
25.27,25.27,25.27,,
25.27,25.27,25.27,,
62.87,62.87,62.87,,
62.87,62.87,62.87,,
70.39,70.39,70.39,,
70.39,70.39,70.39,,
70.39,70.39,70.39,,
70.39,70.39,70.39,,
70.39,70.39,70.39,,
70.39,70.39,70.39,,
70.39,70.39,70.39,,
70.39,70.39,70.39,,
40.31,40.31,40.31,,
40.31,40.31,40.31,,
32.79,32.79,32.79,,
32.79,32.79,32.79,,
32.79,32.79,32.79,,
32.79,32.79,32.79,,
32.79,32.79,32.79,,
40.31,40.31,40.31,,
40.31,40.31,40.31,,
32.79,32.79,32.79,,
32.79,32.79,32.79,,
32.79,32.79,32.79,,
